Princ√≠pio Ativo,Nome Comercial,Apresenta√ß√£o Comercial,Fabricante,Finalidade de Uso,Classe Terap√™utica,Mecanismo de A√ß√£o,Via de Administra√ß√£o,Forma Farmac√™utica,Soma de QT_APROVADA,Soma de QT_GLOSATOTAL,Soma de VL_GLOSADO,Soma de VL_APROVADO,VL_UNIT√ÅRIO,QT_M√âDIA_MENSAL,VL_M√âDIO_MENSAL,% GLOSA,%VL APROVADO,Unnamed: 19
DUPILUMABE,DUPIXENT,DUPIXENT 150 MGML SOL INJ CT 2 SER PREENC VD TRANS X 20 ML SISTEMA DE SEGURANCA,SANOFI MEDLEY FARMACEUTICA LTDA,"Dermatite at√≥pica, Asma grave, Rinossinusite cr√¥nica com p√≥lipo nasal, Esofagite eosinof√≠lica, Urtic√°ria cr√¥nica espont√¢nea",L4C - INIBIDORES DA INTERLEUCINA,Anticorpo monoclonal que inibe as vias de sinaliza√ß√£o das prote√≠nas interleucina-4 (IL-4) e interleucina-13 (IL-13),SC,SOLUCAO INJETAVEL,4421.0,2.0,1315111.309999999,20893197.71000056,4725.89859986441,368.4166666666667,1741099.8091667134,0.0004521817770743839,0.9995478182229256,
NIVOLUMABE,OPDIVO,OPDIVO 100 MG SOL INJ CT 1 FA VD INC X 10 ML,BRISTOL-MYERS SQUIBB FARMACEUTICA LTDA,"Melanoma, c√¢ncer de pulm√£o de c√©lulas n√£o pequenas, carcinoma de c√©lulas renais avan√ßado, linfoma de Hodgkin cl√°ssico, carcinoma de c√©lulas escamosas de cabe√ßa e pesco√ßo, carcinoma urotelial, carcinoma de c√©lulas escamosas do es√¥fago, carcinoma hepatocelular, mesotelioma pleural maligno, e c√¢ncer g√°strico e adenocarcinoma esof√°gico","L1G5 - ANTICORPOS MONOCLONAIS ANTINEOPL√ÅSICOS, PD-1/PD-L1",Anticorpo monoclonal bloqueador da prote√≠na PD-L1 (ligante da morte programada 1),SC,SOLUCAO INJETAVEL,195437.0,32066.0,236373.4299999996,20514558.69000004,104.96762992677967,16286.416666666666,1709546.5575000031,0.14094759189988704,0.859052408100113,
SECUQUINUMABE,COSENTYX,COSENTYX 300 MG SOL INJ CT 1 SER PREENC VD TRANS X 2 ML 1 CAN APLIC,NOVARTIS BIOCIENCIAS S.A,"Psor√≠ase em placas moderada a grave, Artrite psori√°sica ativa, Espondilite anquilosante ativa, Artrite relacionada √† entesite (ARE), Hidradenite supurativa",L4C - INIBIDORES DA INTERLEUCINA,Anticorpo monoclonal que age bloqueando a IL-17A,SC,SOLUCAO INJETAVEL,1322.0,9.0,35605.72,12011896.0200002,9086.154326777762,110.16666666666667,1000991.3350000167,0.0067618332081141996,0.9932381667918858,
PERTUZUMABE+TRASTUZUMABE,PHESGO,PHESGO 600 MG 600 MG SOL INJ SC CT FA VD TRANS X 10 ML,PRODUTOS ROCHE QUIMICOS E FARMACEUTICOS S.A.,C√¢ncer de mama HER2-positivo,"L1G3 - ANTICORPOS MONOCLONAIS ANTINEOPL√ÅSICOS, HER-5",Anticorpo monoclonal inibidor da HER2,SC,SOLUCAO INJETAVEL,802.0,45.0,198255.42,8959467.13999998,11171.405411471296,66.83333333333333,746622.261666665,0.053128689492325853,0.9468713105076741,
OMALIZUMABE,XOLAIR,XOLAIR 150 MG SOL INJ CT 1 SER PREENC VD TRANS X 1 ML,NOVARTIS BIOCIENCIAS S.A,"Asma al√©rgica persistente moderada a grave, Urtic√°ria Cr√¥nica Espont√¢nea (UCE), Rinossinusite cr√¥nica com p√≥lipos nasais","R3X2 - TODOS OS OUTROS PRODUTOS ANTI-ASM√ÅTICOS e DPOC, SIST√äMICOS",Anticorpo monoclonal bloqueador da IgE,SC,SOLUCAO INJETAVEL,2784.0,2.0,406.41,8026632.809999902,2883.1296012930684,232,668886.0674999919,0.0007178750897343862,0.9992821249102656,12176.537976411619
NIVOLUMABE,OPDIVO,OPDIVO RESTRITO HOSP CONVENIO 13221 100 MG SOL ,BRISTOL-MYERS SQUIBB FARMACEUTICA LTDA,"Melanoma, c√¢ncer de pulm√£o de c√©lulas n√£o pequenas, carcinoma de c√©lulas renais avan√ßado, linfoma de Hodgkin cl√°ssico, carcinoma de c√©lulas escamosas de cabe√ßa e pesco√ßo, carcinoma urotelial, carcinoma de c√©lulas escamosas do es√¥fago, carcinoma hepatocelular, mesotelioma pleural maligno, e c√¢ncer g√°strico e adenocarcinoma esof√°gico","L1G5 - ANTICORPOS MONOCLONAIS ANTINEOPL√ÅSICOS, PD-1/PD-L1",Anticorpo monoclonal bloqueador da prote√≠na PD-L1 (ligante da morte programada 1),SC,SOLUCAO INJETAVEL,69187.0,35745.0,21838.46000000001,7676884.349999988,110.9584799167472,5765.583333333333,639740.362499999,0.34064918232760266,0.6593508176723973,12129.973607086717
GUSELCUMABE,TREMFYA,TREMFYA 100 MG SOL INJ CT 1 SER PREENC VD TRANS DISP SEGURANCA X 1 ML,JANSSEN-CILAG FARMACEUTICA LTDA,"Psor√≠ase em placas, Artrite psori√°sica, Retocolite ulcerativa",D5B - ANTIPSOR√çASE SIST√äMICOS,Anticorpo monoclonal humano que se liga com alta afinidade e especificidade √† subunidade p19 da interleucina 23 (IL-23),SC,SOLUCAO INJETAVEL,512.0,5.0,9248.67,7479845.69000005,14609.073613281347,42.666666666666664,623320.4741666708,0.009671179883945842,0.9903288201160542,
GOLIMUMABE,SIMPONI,SIMPONI 50 MG SOL INJ INFUS IV CT 1 FA VD TRANS X 40 ML,JANSSEN-CILAG FARMACEUTICA LTDA,"Artrite reumatoide (geralmente em combina√ß√£o com metotrexato), Artrite psori√°sica, Espondiloartrite axial n√£o radiogr√°fica, Espondilite anquilosante, Colite ulcerativa",L4B - PRODUTOS ANTI-TNF( FATOR DE NECROSE TUMORAL),Anticorpo monoclonal anti TNF-ùõº,SC,SOLUCAO INJETAVEL,3488.0,815.0,52800.45000000001,7454659.750000012,2137.2304329128474,290.6666666666667,621221.6458333343,0.1894027422728329,0.8105972577271671,
ADALIMUMABE,HUMIRA AC,HUMIRA AC 40MG SOL INJ CT 2 BL X SER PREENC X 04 ML CAN APLIC ENV LEN ALCOOL,ABBVIE FARMACEUTICA LTDA.,"Artrite reumatoide, doen√ßa de Crohn, colite ulcerativa, psor√≠ase, espondilite anquilosante",L4B - PRODUTOS ANTI-TNF( FATOR DE NECROSE TUMORAL),Anticorpo monoclonal bloqueador do Fator de Necrose Tumoral alfa (TNF-ùõº),SC,SOLUCAO INJETAVEL,4826.0,4.0,9370.96,7362298.150000043,1525.5487256527233,402.1666666666667,613524.8458333369,0.0008281573498964803,0.9991718426501035,
GOLIMUMABE,SIMPONI,SIMPONI 50 MG SOL INJ CT 1 SER PREENC X 05 MLACOP CAN APLIC C MANGA SEG,JANSSEN-CILAG FARMACEUTICA LTDA,"Artrite reumatoide (geralmente em combina√ß√£o com metotrexato), Artrite psori√°sica, Espondiloartrite axial n√£o radiogr√°fica, Espondilite anquilosante, Colite ulcerativa",L4B - PRODUTOS ANTI-TNF( FATOR DE NECROSE TUMORAL),Anticorpo monoclonal anti TNF-ùõº,SC,SOLUCAO INJETAVEL,1421.0,1.0,235.79,7252686.629999828,5103.931477832391,118.41666666666667,604390.5524999857,0.0007032348804500703,0.9992967651195499,
DUPILUMABE,DUPIXENT,DUPIXENT 175 MGML SOL INJ CT 2 SER PREENC VD TRANS X 114 ML SISTEMA DE SEGURANCA,SANOFI MEDLEY FARMACEUTICA LTDA,"Dermatite at√≥pica, Asma grave, Rinossinusite cr√¥nica com p√≥lipo nasal, Esofagite eosinof√≠lica, Urtic√°ria cr√¥nica espont√¢nea",L4C - INIBIDORES DA INTERLEUCINA,Anticorpo monoclonal que inibe as vias de sinaliza√ß√£o das prote√≠nas interleucina-4 (IL-4) e interleucina-13 (IL-13),SC,SOLUCAO INJETAVEL,1287.0,0.0,462781.3999999986,7090965.640000009,5509.685811965819,107.25,590913.803333334,0,1.0,
NIVOLUMABE,OPDIVO,OPDIVO 40 MG SOL INJ CT 1 FA VD INC X 4 ML,BRISTOL-MYERS SQUIBB FARMACEUTICA LTDA,"Melanoma, c√¢ncer de pulm√£o de c√©lulas n√£o pequenas, carcinoma de c√©lulas renais avan√ßado, linfoma de Hodgkin cl√°ssico, carcinoma de c√©lulas escamosas de cabe√ßa e pesco√ßo, carcinoma urotelial, carcinoma de c√©lulas escamosas do es√¥fago, carcinoma hepatocelular, mesotelioma pleural maligno, e c√¢ncer g√°strico e adenocarcinoma esof√°gico","L1G5 - ANTICORPOS MONOCLONAIS ANTINEOPL√ÅSICOS, PD-1/PD-L1",Anticorpo monoclonal bloqueador da prote√≠na PD-L1 (ligante da morte programada 1),SC,SOLUCAO INJETAVEL,60339.0,4800.0,42274.59000000003,6881993.900000003,114.05548484396499,5028.25,573499.4916666669,0.07368857366554599,0.9263114263344541,
SECUQUINUMABE,COSENTYX,COSENTYX 150 MGML SOL INJ CT 1 SER PREENC VD TRANSX 1 ML 1 CAN APLIC,NOVARTIS BIOCIENCIAS S.A,"Psor√≠ase em placas moderada a grave, Artrite psori√°sica ativa, Espondilite anquilosante ativa, Artrite relacionada √† entesite (ARE), Hidradenite supurativa",L4C - INIBIDORES DA INTERLEUCINA,Anticorpo monoclonal que age bloqueando a IL-17A,SC,SOLUCAO INJETAVEL,1474.0,0.0,0.0,6825865.130000023,4630.844728629595,122.83333333333333,568822.0941666686,0,1.0,
IXEQUIZUMABE,TALTZ,TALTZ 80MGML SOL INJ CT 1 SER PREENC VD INC X 1ML 1 CAN APLIC ATIVA,ELI LILLY DO BRASIL LTDA,"Psor√≠ase em placas moderada a grave, Artrite psori√°sica, Espondilite anquilosante, Espondiloartrite axial",L4C - INIBIDORES DA INTERLEUCINA,Anticorpo monoclonal que neutraliza a IL-17A,SC,SOLUCAO INJETAVEL,818.0,0.0,3976.419999999998,5814305.69999998,7107.953178484083,68.16666666666667,484525.4749999983,0,1.0,
IMUNOGLOBULINA,IMUNOGLOBULIN,IMUNOGLOBULIN 50 MGML SOL INJ CT FA VD INC X 100 ML,BLAU FARMACEUTICA S.A.,"M√∫ltiplas indica√ß√µes, no contexto considerar imunomodula√ß√£o e reposi√ß√£o imunol√≥gica em TMO e terapias antineopl√°sicas",J6E - IMUNOGLOBULINAS POLIVALENTES INTRAMUSCULARES,Reposi√ß√£o de imunoglobulinas,SC,SOLUCAO PARA DILUICAO PARA INFUSAO,1878.0,74.0,94961.48,5147297.010000002,2740.8397284345056,156.5,428941.41750000016,0.03790983606557377,0.9620901639344263,
GUSELCUMABE,TREMFYA,TREMFYA 100 MG SOL INJ CT 1 SER PREENC VD TRANS X 1 ML ACOP EM CAN APLI,JANSSEN-CILAG FARMACEUTICA LTDA,"Psor√≠ase em placas, Artrite psori√°sica, Retocolite ulcerativa",D5B - ANTIPSOR√çASE SIST√äMICOS,Anticorpo monoclonal humano que se liga com alta afinidade e especificidade √† subunidade p19 da interleucina 23 (IL-23),SC,SOLUCAO INJETAVEL,294.0,1.0,1157.19,4723928.890000018,16067.785340136117,24.5,393660.74083333486,0.003389830508474576,0.9966101694915255,
PERTUZUMABE+TRASTUZUMABE,PHESGO,PHESGO RESTRITO HOSP 600 MG 600 MG SOL INJ SC,PRODUTOS ROCHE QUIMICOS E FARMACEUTICOS S.A.,C√¢ncer de mama HER2-positivo,"L1G3 - ANTICORPOS MONOCLONAIS ANTINEOPL√ÅSICOS, HER-7",Anticorpo monoclonal inibidor da HER2,SC,SOLUCAO INJETAVEL,169.0,14.0,305294.37,4022545.519999991,23802.044497041366,14.083333333333334,335212.12666666595,0.07650273224043716,0.9234972677595629,
CERTOLIZUMABE PEGOL,CIMZIA,CIMZIA 200 MGML SOL INJ CT 2 SER VD INC PREENC X 1 ML 2 LENCOS UMEDECIDOS,UCB BIOPHARMA LTDA,"Doen√ßa de Crohn, Artrite reumatoide (AR), Artrite psori√°sica (AP), Espondiloartrite axial ativa grave, Psor√≠ase em placas",L4B - PRODUTOS ANTI-TNF( FATOR DE NECROSE TUMORAL),Bloqueador do fator de necrose tumoral (TNF),SC,SOLUCAO INJETAVEL,2124.0,0.0,4.89,2934340.530000001,1381.5162570621474,177,244528.3775000001,0,1.0,
MEPOLIZUMABE,NUCALA,NUCALA 100 MGML SOL INJ CT CAR VD TRANS CAN APLIC AGU,GLAXOSMITHKLINE BRASIL LTDA,"Asma eosinof√≠lica grave, Granulomatose eosinof√≠lica com poliange√≠te (GEPA), S√≠ndrome hipereosinof√≠lica (SHE), Polipose nasal cr√¥nica",R3M - ANTIASM√ÅTICOS INIBIDORES DA INTERLEUCINA,Anticorpo monoclonal que inibe a IL-5,SC,SOLUCAO INJETAVEL,320.0,0.0,0.0,2845405.689999986,8891.892781249957,26.666666666666668,237117.14083333217,0,1.0,
PEGFILGRASTIM,NEULASTIM,NEULASTIM 10 MGML SOL INJ CT SER PREENCH VD TRANS X 06 ML DISPOSITIVO DE SEGURANCA,AMGEN BIOTECNOLOGIA DO BRASIL LTDA,Neutropenia induzida por quimioterapia,L3A1 - FATORES ESTIMULANTES DE COL√îNIAS,Fator estimulador de col√¥nias de granul√≥citos (G-CSF),SC,SOLUCAO INJETAVEL,506.0,19.0,32735.24,2449822.470000006,4841.546383399221,42.166666666666664,204151.8725000005,0.03619047619047619,0.9638095238095238,
ADALIMUMABE,HUMIRA,HUMIRA 80 MG SOL INJ CT BLX SER PREENC VD TRANS X 08 ML CAN APLIC ENV LEN ALCOOL,ABBVIE FARMACEUTICA LTDA.,"Artrite reumatoide, doen√ßa de Crohn, colite ulcerativa, psor√≠ase, espondilite anquilosante",L4B - PRODUTOS ANTI-TNF( FATOR DE NECROSE TUMORAL),Anticorpo monoclonal bloqueador do Fator de Necrose Tumoral alfa (TNF-ùõº),SC,SOLUCAO INJETAVEL,557.0,0.0,0.0,2324038.529999993,4172.421059245948,46.416666666666664,193669.8774999994,0,1.0,
NIVOLUMABE,OPDIVO,OPDIVO RESTRITO HOSP CONVENIO 13221 40 MG SOL I,BRISTOL-MYERS SQUIBB FARMACEUTICA LTDA,"Melanoma, c√¢ncer de pulm√£o de c√©lulas n√£o pequenas, carcinoma de c√©lulas renais avan√ßado, linfoma de Hodgkin cl√°ssico, carcinoma de c√©lulas escamosas de cabe√ßa e pesco√ßo, carcinoma urotelial, carcinoma de c√©lulas escamosas do es√¥fago, carcinoma hepatocelular, mesotelioma pleural maligno, e c√¢ncer g√°strico e adenocarcinoma esof√°gico","L1G5 - ANTICORPOS MONOCLONAIS ANTINEOPL√ÅSICOS, PD-1/PD-L1",Anticorpo monoclonal bloqueador da prote√≠na PD-L1 (ligante da morte programada 1),SC,SOLUCAO INJETAVEL,17078.0,6160.0,5550.719999999999,1873274.100000004,109.68931373697178,1423.1666666666667,156106.17500000034,0.2650830536190722,0.7349169463809277,
GOSSERRELINA,ZOLADEX,ZOLADEX LA 108 MG DEPOT SER CT ENV AL POLIET X 1,ASTRAZENECA DO BRASIL LTDA,"C√¢ncer de pr√≥stata dependente de horm√¥nio, C√¢ncer de mama avan√ßado RH positivo em mulheres na pr√© e perimenopausa, Endometriose, Leiomioma uterino, Hipotrofia endometrial, Fertiliza√ß√£o assistida",L2A3 - AN√ÅLOGOS HORMONAIS DE LIBERA√á√ÉO DE GONADOTROFINAS CITOST√ÅTICOS,Agonista do horm√¥nio liberador de gonadotrofina (GnRH),SC,IMPLANTE,876.0,2.0,639.61,1826039.959999986,2084.520502283089,73,152169.9966666655,0.002277904328018223,0.9977220956719818,
PEGFILGRASTIM,NEULASTIM,NEULASTIM 10 MGML SOL INJ CT SER PREENCH VD TRANS X 064 ML APLIC,AMGEN BIOTECNOLOGIA DO BRASIL LTDA,Neutropenia induzida por quimioterapia,L3A1 - FATORES ESTIMULANTES DE COL√îNIAS,Fator estimulador de col√¥nias de granul√≥citos (G-CSF),SC,SOLUCAO INJETAVEL,309.0,36.0,30757.47,1665030.669999995,5388.448770226521,25.75,138752.5558333329,0.10434782608695652,0.8956521739130435,
IMUNOGLOBULINA,HYQVIA,HYQVIA 01 GML SOL INJ CT 1 FA VD INC X 50 ML 1 FA VD INC X 25 ML,TAKEDA PHARMA LTDA.,"M√∫ltiplas indica√ß√µes, no contexto considerar imunomodula√ß√£o e reposi√ß√£o imunol√≥gica em TMO e terapias antineopl√°sicas",J6E - IMUNOGLOBULINAS POLIVALENTES INTRAMUSCULARES,Reposi√ß√£o de imunoglobulinas,SC,SOLUCAO PARA DILUICAO PARA INFUSAO,616.0,26.0,28799.92,1652573.849999998,2682.7497564935034,51.333333333333336,137714.48749999984,0.040498442367601244,0.9595015576323987,
DENOSUMABE,XGEVA,XGEVA 120 MG SOL INJ CT FA VD TRANS X 17 ML,AMGEN BIOTECNOLOGIA DO BRASIL LTDA,"Tumores com acomentimento √≥sseo para evitar lise √≥ssea (Met√°stase √≥ssea, Mieloma M√∫ltiplo, Hipercalcemia associada a tumores, TGC)",M5B9 - OUTROS REGULADORES DO C√ÅLCIO √ìSSEO,Anticorpo monoclonal que inibide osteoclastos atrav√©s da altera√ß√£o da prote√≠na RANKL,SC,SOLUCAO INJETAVEL,2133.0,1394.0,259351.9399999998,1500081.749999997,703.2732067510534,177.75,125006.81249999975,0.3952367451091579,0.6047632548908422,
TECLISTAMABE,TECVAYLI,TECVAYLI 90 MGML SOL INJ SC CT FA VD TRANS X 17 ML,JANSSEN-CILAG FARMACEUTICA LTDA,Mieloma m√∫ltiplo recidivado ou refrat√°rio,"L1G9 - ANTICORPOS MONOCLONAIS ANTINEOPL√ÅSICOS, OUTROS",Anticorpo monoclonal biespec√≠fico anti-CD3 e anti-ant√≠geno de matura√ß√£o de c√©lulas B (BCMA),SC,SOLUCAO INJETAVEL,1775.0,169.0,44607.52,1421943.73,801.0950591549296,147.91666666666666,118495.31083333334,0.08693415637860083,0.9130658436213992,
RAMUCIRUMABE,CYRAMZA,CYRAMZA 500 MG SOL INJ CT FA VD INC X 50 ML,ELI LILLY DO BRASIL LTDA,"C√¢ncer g√°strico ou adenocarcinoma da jun√ß√£o gastroesof√°gica, C√¢ncer de pulm√£o de n√£o pequenas c√©lulas (CPNPC) metast√°tico ou localmente avan√ßado, C√¢ncer colorretal metast√°tico, Carcinoma hepatocelular avan√ßado","L1G2 - ANTICORPOS MONOCLONAIS ANTINEOPL√ÅSICOS, VEGF/VEGFR",Anticorpo monoclonal anti VEGF,SC,SOLUCAO PARA DILUICAO INJETAVEL,28316.0,3560.0,4959.86,1276309.759999999,45.07380138437629,2359.6666666666665,106359.1466666666,0.11168277073660435,0.8883172292633956,
PEGFILGRASTIM,NEULASTIM,NEULASTIM RESTRITO HOSP CONVENIO 13221 10 MGML SL,AMGEN BIOTECNOLOGIA DO BRASIL LTDA,Neutropenia induzida por quimioterapia,L3A1 - FATORES ESTIMULANTES DE COL√îNIAS,Fator estimulador de col√¥nias de granul√≥citos (G-CSF),SC,SOLUCAO INJETAVEL,195.0,30.0,4897.020000000002,1239739.019999997,6357.635999999985,16.25,103311.58499999974,0.13333333333333333,0.8666666666666667,
AZACITIDINA,VIDAZA,VIDAZA RESTRITO HOSP 100 MG200 MG PO LIOF SUSP,UNITED MEDICAL LTDA,Leucemia Miel√≥ide Aguda (LMA) e S√≠ndromes Mielodispl√°sicas (SMD),L1B - AGENTES ANTINEOPL√ÅSICOS ANTIMETAB√ìLITOS,An√°logo de nucleos√≠deo pirim√≠dico que atua como um agente hipometilante,SC,PO LIOFILIZADO PARA SOLUCAO INJETAVEL,42976.0,14000.0,21250.17000000001,1226823.829999999,28.546719797096028,3581.3333333333335,102235.31916666658,0.2457174950856501,0.7542825049143499,
EPCORITAMABE,EPKINLY,EPKINLY 60 MGML SOL INJ CT FR AMP VD TRANS X 1 ML,ABBVIE FARMACEUTICA LTDA.,"Linfoma difuso de grandes c√©lulas B (LDGCB), linfoma folicular (LF)","L1G9 - ANTICORPOS MONOCLONAIS ANTINEOPL√ÅSICOS, OUTROS",Anticorpo biespec√≠fico que atua como um ativador de c√©lulas T e ativa as prote√≠nas CD3 e CD21,SC,SOLUCAO INJETAVEL,1082.0,0.0,0.0,1223091.53,1130.3988262476894,90.16666666666667,101924.29416666667,0,1.0,
LEUPRORRELINA,ELIGARD,ELIGARD 225 MG PO LIOF SUS INJ SC LIB PROL CT BL AL PLAS TRANS SER B AGU DISP SEGUR DESSEC BL AL PLAS TRANS DIL SER A EMB DESSEC,ADIUM S.A.,"C√¢ncer de pr√≥stata, endometriose, miomas uterinos",L2A3 - AN√ÅLOGOS HORMONAIS DE LIBERA√á√ÉO DE GONADOTROFINAS CITOST√ÅTICOS,Inibidor da secre√ß√£o de gonadotrofina (GnRH) pela hip√≥fise,SC,PO LIOFILO PARA SUSPENSAO INJETAVEL,522.0,41.0,13713.05,1108341.579999992,2123.2597318007506,43.5,92361.79833333266,0.07282415630550622,0.9271758436944938,
AZACITIDINA,VIDAZA,VIDAZA 100MG200MG PO LIOF SUS INJ SC FA VD INC X 200MG,UNITED MEDICAL LTDA,Leucemia Miel√≥ide Aguda (LMA) e S√≠ndromes Mielodispl√°sicas (SMD),L1B - AGENTES ANTINEOPL√ÅSICOS ANTIMETAB√ìLITOS,An√°logo de nucleos√≠deo pirim√≠dico que atua como um agente hipometilante,SC,PO LIOFILIZADO PARA SOLUCAO INJETAVEL,48966.0,8829.0,187293.6400000001,1090726.710000005,22.275185026344914,4080.5,90893.89250000042,0.15276407993771088,0.8472359200622891,
GOLIMUMABE,SIMPONI,SIMPONI 100 MG SOL INJ CT 1 SER PREENC X 10 ML ACOPLADA EM CAN APLIC,JANSSEN-CILAG FARMACEUTICA LTDA,"Artrite reumatoide (geralmente em combina√ß√£o com metotrexato), Artrite psori√°sica, Espondiloartrite axial n√£o radiogr√°fica, Espondilite anquilosante, Colite ulcerativa",L4B - PRODUTOS ANTI-TNF( FATOR DE NECROSE TUMORAL),Anticorpo monoclonal anti TNF-ùõº,SC,SOLUCAO INJETAVEL,97.0,0.0,0.0,959451.5500000007,9891.253092783512,8.083333333333334,79954.2958333334,0,1.0,
RAMUCIRUMABE,CYRAMZA,CYRAMZA 100 MG SOL INJ CT FA VD INC X 10 ML,ELI LILLY DO BRASIL LTDA,"C√¢ncer g√°strico ou adenocarcinoma da jun√ß√£o gastroesof√°gica, C√¢ncer de pulm√£o de n√£o pequenas c√©lulas (CPNPC) metast√°tico ou localmente avan√ßado, C√¢ncer colorretal metast√°tico, Carcinoma hepatocelular avan√ßado","L1G2 - ANTICORPOS MONOCLONAIS ANTINEOPL√ÅSICOS, VEGF/VEGFR",Anticorpo monoclonal anti VEGF,SC,SOLUCAO PARA DILUICAO INJETAVEL,20375.0,2460.0,2825.67,900661.4399999998,44.204242453987725,1697.9166666666667,75055.11999999998,0.1077293628202321,0.892270637179768,
LANADELUMABE,TAKHZYRO,TAKHZYRO 150 MGML SOL INJ CT 1 FA VD INC X 2 ML CONJ INFUS,TAKEDA PHARMA LTDA.,Angioedema heredit√°rio (AEH),B6D - PRODUTOS PARA ANGIODEMA HEREDIT√ÅRIO,Anticorpo monoclonal inibidor da calicre√≠na plasm√°tica (ac√∫mulo dela leva a produ√ß√£o de bradicina que gera o angioedema),SC,SOLUCAO INJETAVEL,14.0,2.0,63617.15,875693.62,62549.544285714284,1.1666666666666667,72974.46833333334,0.125,0.875,
PERTUZUMABE+TRASTUZUMABE,PHESGO,PHESGO 1200 MG 600 MG SOL INJ SC CT FA VD TRANS X 15 ML,PRODUTOS ROCHE QUIMICOS E FARMACEUTICOS S.A.,C√¢ncer de mama HER2-positivo,"L1G3 - ANTICORPOS MONOCLONAIS ANTINEOPL√ÅSICOS, HER-4",Anticorpo monoclonal inibidor da HER2,SC,SOLUCAO INJETAVEL,16.0,3.0,29409.42,866351.0200000001,54146.93875000001,1.3333333333333333,72195.91833333335,0.15789473684210525,0.8421052631578947,
GOSSERRELINA,ZOLADEX,ZOLADEX 108 MG DEPOT SER PLAS BS CT ENV AL POLIET X 1,ASTRAZENECA DO BRASIL LTDA,"C√¢ncer de pr√≥stata dependente de horm√¥nio, C√¢ncer de mama avan√ßado RH positivo em mulheres na pr√© e perimenopausa, Endometriose, Leiomioma uterino, Hipotrofia endometrial, Fertiliza√ß√£o assistida",L2A3 - AN√ÅLOGOS HORMONAIS DE LIBERA√á√ÉO DE GONADOTROFINAS CITOST√ÅTICOS,Agonista do horm√¥nio liberador de gonadotrofina (GnRH),SC,IMPLANTE,376.0,40.0,3786.240000000002,840436.9899999971,2235.2047606382903,31.333333333333332,70036.41583333309,0.09615384615384616,0.9038461538461539,
ADALIMUMABE,HUMIRA AC,HUMIRA AC 40MG SOL INJ CT 2 BL X SER PREENC X 04 ML ENV LEN ALCOOL,ABBVIE FARMACEUTICA LTDA.,"Artrite reumatoide, doen√ßa de Crohn, colite ulcerativa, psor√≠ase, espondilite anquilosante",L4B - PRODUTOS ANTI-TNF( FATOR DE NECROSE TUMORAL),Anticorpo monoclonal bloqueador do Fator de Necrose Tumoral alfa (TNF-ùõº),SC,SOLUCAO INJETAVEL,136.0,10.0,11108.77,809376.5300000004,5951.298014705885,11.333333333333334,67448.0441666667,0.0684931506849315,0.9315068493150684,
LANADELUMABE,TAKHZYRO,TAKHZYRO 150MGML SOL INJ CT 1 SER PREENC VD TRANS 2 ML,TAKEDA PHARMA LTDA.,Angioedema heredit√°rio (AEH),B6D - PRODUTOS PARA ANGIODEMA HEREDIT√ÅRIO,Anticorpo monoclonal inibidor da calicre√≠na plasm√°tica (ac√∫mulo dela leva a produ√ß√£o de bradicina que gera o angioedema),SC,SOLUCAO INJETAVEL,14.0,0.0,0.0,790621.8500000001,56472.98928571429,1.1666666666666667,65885.15416666667,0,1.0,
CANAQUINUMABE,ILARIS,ILARIS 150 MGML SOL INJ CT 1 FA VD INC X 1 ML,NOVARTIS BIOCIENCIAS S.A,"Doen√ßas autoimunes (incluindo Doen√ßa de Still, Gota e S√≠ndormes Febris Peri√≥dicas Autoinflamat√≥rias) e outras doen√ßas raras",L4C - INIBIDORES DA INTERLEUCINA,Anticorpo monoclonal inibidor da IL1 beta,SC,PO LIOFILIZADO PARA SOLUCAO INJETAVEL,10.0,0.0,0.0,771683.3400000001,77168.334,0.8333333333333334,64306.94500000001,0,1.0,
LIPEGFILGRASTIM,LONQUEX,LONQUEX 10 MGML SOL INJ SC CT SER PREENC VD INC X 06 ML DISPOSITIVO DE SEGURANCA,TEVA FARMACEUTICA LTDA,"Neutropenia induzida por quimioterapia, p√≥s-TMO",L3A1 - FATORES ESTIMULANTES DE COL√îNIAS,Fator estimulador de col√¥nias de granul√≥citos (G-CSF),SC,SOLUCAO INJETAVEL,216.0,6.0,6424.879999999999,727227.5600000027,3366.7942592592717,18,60602.296666666894,0.02702702702702703,0.972972972972973,
ROMOSOZUMABE,EVENITY,EVENITY 90 MGML SOL INJ CT 2 SER PREENC VD TRANS X 117ML,AMGEN BIOTECNOLOGIA DO BRASIL LTDA,Osteoporose grave em mulheres na p√≥s-menopausa com alto risco de fratura.,M5B9 - OUTROS REGULADORES DO C√ÅLCIO √ìSSEO,Anticorpo monoclonal inibidor da esclerostina - promove forma√ß√£o √≥ssea e inibe reabsor√ß√£o,SC,SOLUCAO INJETAVEL,342.0,2.0,2557.8,714543.29,2089.307865497076,28.5,59545.27416666667,0.005813953488372093,0.9941860465116279,
ETANERCEPTE,ENBREL PFS,ENBREL PFS 50 MG SOL INJ CT 4 SER PREENCH C AGU X 10 ML 4 LENCOS,LABORATORIOS PFIZER LTDA,"Artrite reumatoide, Artrite psori√°sica, Espondilite anquilosante, Psor√≠ase em placas",L4C - INIBIDORES DA INTERLEUCINA,Bloqueador do Fator de Necrose Tumoral alfa (TNF-ùõº),SC,SOLUCAO INJETAVEL,492.0,1.0,327213.0800000001,677252.700000003,1376.5298780487865,41,56437.725000000246,0.002028397565922921,0.9979716024340771,
GOSSERRELINA,ZOLADEX,ZOLADEX LA 108 MG DEPOT SER PLAST BS CT X 1,ASTRAZENECA DO BRASIL LTDA,"C√¢ncer de pr√≥stata dependente de horm√¥nio, C√¢ncer de mama avan√ßado RH positivo em mulheres na pr√© e perimenopausa, Endometriose, Leiomioma uterino, Hipotrofia endometrial, Fertiliza√ß√£o assistida",L2A3 - AN√ÅLOGOS HORMONAIS DE LIBERA√á√ÉO DE GONADOTROFINAS CITOST√ÅTICOS,Agonista do horm√¥nio liberador de gonadotrofina (GnRH),SC,IMPLANTE,281.0,34.0,2085.730000000001,661832.2399999986,2355.274875444835,23.416666666666668,55152.68666666655,0.10793650793650794,0.892063492063492,
GOSSERRELINA,ZOLADEX,ZOLADEX 36 MG DEPOT SER PLAS BS CT ENV AL POLIET X 1,ASTRAZENECA DO BRASIL LTDA,"C√¢ncer de pr√≥stata dependente de horm√¥nio, C√¢ncer de mama avan√ßado RH positivo em mulheres na pr√© e perimenopausa, Endometriose, Leiomioma uterino, Hipotrofia endometrial, Fertiliza√ß√£o assistida",L2A3 - AN√ÅLOGOS HORMONAIS DE LIBERA√á√ÉO DE GONADOTROFINAS CITOST√ÅTICOS,Agonista do horm√¥nio liberador de gonadotrofina (GnRH),SC,IMPLANTE,757.0,68.0,2255.23,652891.2699999938,862.4719550858571,63.083333333333336,54407.60583333282,0.08242424242424243,0.9175757575757576,
IMUNOGLOBULINA,IMUNOGLOBULIN,IMUNOGLOBULIN 50 MGML SOL INJ CT FA VD INC X 100 ML KIT INFUS,BLAU FARMACEUTICA S.A.,"M√∫ltiplas indica√ß√µes, no contexto considerar imunomodula√ß√£o e reposi√ß√£o imunol√≥gica em TMO e terapias antineopl√°sicas",J6E - IMUNOGLOBULINAS POLIVALENTES INTRAMUSCULARES,Reposi√ß√£o de imunoglobulinas,SC,SOLUCAO PARA DILUICAO PARA INFUSAO,249.0,0.0,6.25,647480.9299999999,2600.325020080321,20.75,53956.744166666664,0,1.0,
MEPOLIZUMABE,NUCALA,NUCALA 100 MGML SOL INJ CT SER PREENC VD TRANS ADAPT AGU,GLAXOSMITHKLINE BRASIL LTDA,"Asma eosinof√≠lica grave, Granulomatose eosinof√≠lica com poliange√≠te (GEPA), S√≠ndrome hipereosinof√≠lica (SHE), Polipose nasal cr√¥nica",R3M - ANTIASM√ÅTICOS INIBIDORES DA INTERLEUCINA,Anticorpo monoclonal que inibe a IL-6,SC,SOLUCAO INJETAVEL,65.0,0.0,0.0,631921.7699999993,9721.873384615374,5.416666666666667,52660.14749999994,0,1.0,
GOSSERRELINA,ZOLADEX,ZOLADEX 36 MG DEPOT SER CT ENV AL POLIET X 1,ASTRAZENECA DO BRASIL LTDA,"C√¢ncer de pr√≥stata dependente de horm√¥nio, C√¢ncer de mama avan√ßado RH positivo em mulheres na pr√© e perimenopausa, Endometriose, Leiomioma uterino, Hipotrofia endometrial, Fertiliza√ß√£o assistida",L2A3 - AN√ÅLOGOS HORMONAIS DE LIBERA√á√ÉO DE GONADOTROFINAS CITOST√ÅTICOS,Agonista do horm√¥nio liberador de gonadotrofina (GnRH),SC,IMPLANTE,727.0,1.0,11.48,579402.1799999982,796.9768638239315,60.583333333333336,48283.51499999985,0.0013736263736263737,0.9986263736263736,
DENOSUMABE,XGEVA,XGEVA CONVENIO 13221 120 MG SOL INJ CT FA VD ,AMGEN BIOTECNOLOGIA DO BRASIL LTDA,"Tumores com acomentimento √≥sseo para evitar lise √≥ssea (Met√°stase √≥ssea, Mieloma M√∫ltiplo, Hipercalcemia associada a tumores, TGC)",M5B9 - OUTROS REGULADORES DO C√ÅLCIO √ìSSEO,Anticorpo monoclonal que inibide osteoclastos atrav√©s da altera√ß√£o da prote√≠na RANKL,SC,SOLUCAO INJETAVEL,4607.0,1726.0,539935.1800000003,553237.7400000013,120.08633383980926,383.9166666666667,46103.145000000106,0.27254066003473865,0.7274593399652614,
RANIBIZUMABE,LUCENTIS,LUCENTIS 10 MGML SOL INJ CT 1 FA VD INC X 023 ML SER AGULHA FILTRO P INJ,NOVARTIS BIOCIENCIAS S.A,"Degenera√ß√£o Macular Relacionada √† Idade (DMRI) √∫mida, Edema macular diab√©tico (EMD), Retinopatia diab√©tica (RD), Edema macular devido √† oclus√£o da veia da retina (OVR), Neovasculariza√ß√£o coroidal mi√≥pica (NVC)",S1P - PRODUTOS ANTINEOVASCULARIZA√á√ÉO OCULAR,Antiangiog√™nico bloqueia a a√ß√£o do VEGF-A,SC,SOLUCAO INJETAVEL,169.0,6.0,7623.53,504681.1000000018,2986.2786982248626,14.083333333333334,42056.758333333484,0.03428571428571429,0.9657142857142857,
GUSELCUMABE,TREMFYA,TREMFYA 200 MG SOL DIL INFUS CT FA VD TRANS X 20 ML,JANSSEN-CILAG FARMACEUTICA LTDA,"Psor√≠ase em placas, Artrite psori√°sica, Retocolite ulcerativa",D5B - ANTIPSOR√çASE SIST√äMICOS,Anticorpo monoclonal humano que se liga com alta afinidade e especificidade √† subunidade p19 da interleucina 23 (IL-23),SC,SOLUCAO INJETAVEL,14.0,0.0,0.0,500341.0100000001,35738.64357142858,1.1666666666666667,41695.084166666675,0,1.0,
GOSSERRELINA,ZOLADEX,ZOLADEX 36 MG DEPOT SER PLAST BS CT X 1,ASTRAZENECA DO BRASIL LTDA,"C√¢ncer de pr√≥stata dependente de horm√¥nio, C√¢ncer de mama avan√ßado RH positivo em mulheres na pr√© e perimenopausa, Endometriose, Leiomioma uterino, Hipotrofia endometrial, Fertiliza√ß√£o assistida",L2A3 - AN√ÅLOGOS HORMONAIS DE LIBERA√á√ÉO DE GONADOTROFINAS CITOST√ÅTICOS,Agonista do horm√¥nio liberador de gonadotrofina (GnRH),SC,IMPLANTE,546.0,44.0,1042.63,496591.2800000044,909.5078388278469,45.5,41382.60666666703,0.07457627118644068,0.9254237288135593,
PEGFILGRASTIM,NEULASTIM,NEULASTIM RESTRITO HOSP CONVENIO 13221 10 MGML SO,AMGEN BIOTECNOLOGIA DO BRASIL LTDA,Neutropenia induzida por quimioterapia,L3A1 - FATORES ESTIMULANTES DE COL√îNIAS,Fator estimulador de col√¥nias de granul√≥citos (G-CSF),SC,SOLUCAO INJETAVEL,67.0,5.0,957.52,485210.3100000002,7241.944925373137,5.583333333333333,40434.19250000001,0.06944444444444445,0.9305555555555556,
TALQUETAMABE,TALVEY,TALVEY 40 MGML SOL INJ SC CT FA VD TRANS X 10 ML,JANSSEN-CILAG FARMACEUTICA LTDA,Mieloma m√∫ltiplo recidivado ou refrat√°rio,"L1G9 - ANTICORPOS MONOCLONAIS ANTINEOPL√ÅSICOS, OUTROS",Anticorpo monoclonal anti-CD3 e anti-GPRC5D,SC,SOLUCAO INJETAVEL,371.0,120.0,124085.09,458420.53,1235.6348517520216,30.916666666666668,38201.71083333334,0.24439918533604887,0.7556008146639511,
ROMIPLOSTIM,NPLATE,NPLATE 250 MCG PO LIOF SOL INJ CT FA VD TRANS,AMGEN BIOTECNOLOGIA DO BRASIL LTDA,P√∫rpura trombocitop√™nica Idiop√°tica (PTI),B2E - AGONISTAS DA TROMBOPOETINA,"Agonista do receptor da trombopoietina, evita o est√≠mulo √† produ√ß√£o plaquet√°ria",SC,SOLUCAO INJETAVEL,135.0,0.0,0.0,433910.6199999997,3214.1527407407384,11.25,36159.21833333331,0,1.0,
ADALIMUMABE,AMGEVITA,AMGEVITA 50 MGML SOL INJ CT 2 SER PREENC VD TRANS X 08 ML AGU,AMGEN BIOTECNOLOGIA DO BRASIL LTDA,"Artrite reumatoide, doen√ßa de Crohn, colite ulcerativa, psor√≠ase, espondilite anquilosante",L4B - PRODUTOS ANTI-TNF( FATOR DE NECROSE TUMORAL),Anticorpo monoclonal bloqueador do Fator de Necrose Tumoral alfa (TNF-ùõº),SC,SOLUCAO INJETAVEL,599.0,0.0,0.0,430146.36,718.1074457429048,49.916666666666664,35845.53,0,1.0,
ADALIMUMABE,HYRIMOZ,HYRIMOZ 40 MG SOL INJ CT 2 CANETA PREENCH X 08ML,SANDOZ DO BRASIL INDUSTRIA FARMACEUTICA LTDA,"Artrite reumatoide, doen√ßa de Crohn, colite ulcerativa, psor√≠ase, espondilite anquilosante",L4B - PRODUTOS ANTI-TNF( FATOR DE NECROSE TUMORAL),Anticorpo monoclonal bloqueador do Fator de Necrose Tumoral alfa (TNF-ùõº),SC,SOLUCAO INJETAVEL,150.0,0.0,0.0,386748.2299999999,2578.321533333333,12.5,32229.01916666666,0,1.0,
RAMUCIRUMABE,CYRAMZA,CYRAMZA RESTRITO HOSP CONVENIO 13221 500 MG 1 S,ELI LILLY DO BRASIL LTDA,"C√¢ncer g√°strico ou adenocarcinoma da jun√ß√£o gastroesof√°gica, C√¢ncer de pulm√£o de n√£o pequenas c√©lulas (CPNPC) metast√°tico ou localmente avan√ßado, C√¢ncer colorretal metast√°tico, Carcinoma hepatocelular avan√ßado","L1G2 - ANTICORPOS MONOCLONAIS ANTINEOPL√ÅSICOS, VEGF/VEGFR",Anticorpo monoclonal anti VEGF,SC,SOLUCAO PARA DILUICAO INJETAVEL,7684.0,500.0,7.56,386277.1200000001,50.270317542946394,640.3333333333334,32189.76000000001,0.06109481915933529,0.9389051808406648,
SECUQUINUMABE,COSENTYX,COSENTYX 300 MG SOL INJ CT 1 SER PREENC VD TRANS X 2 ML,NOVARTIS BIOCIENCIAS S.A,"Psor√≠ase em placas moderada a grave, Artrite psori√°sica ativa, Espondilite anquilosante ativa, Artrite relacionada √† entesite (ARE), Hidradenite supurativa",L4C - INIBIDORES DA INTERLEUCINA,Anticorpo monoclonal que age bloqueando a IL-17A,SC,SOLUCAO INJETAVEL,41.0,0.0,0.0,385776.2300000003,9409.17634146342,3.4166666666666665,32148.01916666669,0,1.0,
PLERIXAFOR,MOZOBIL,MOZOBIL 20 MGML SOL INJ SC CT FA VD TRANS X 12 ML,SANOFI MEDLEY FARMACEUTICA LTDA,"Aumentar a mobiliza√ß√£o de c√©lulas-tronco hematopo√©ticas da medula √≥ssea para o sangue perif√©rico em casos de mieloma, linfoma ou tumores s√≥lidos malignos",L3A9 - OUTROS AGENTES IMUNOESTIMULANTES EXCETO INTERFERONAS,"Antagonista seletivo e revers√≠vel do receptor de quimiocinas CXCR4, aumenta a mobiliza√ß√£o de c√©lulas-tronco hematopo√©ticas da medula √≥ssea atrav√©s do bloqueio desse receptor ao seu ligante SDF-1 (fator-1 derivado de c√©lulas estromais)",SC,SOLUCAO INJETAVEL,310.0,24.0,27968.09,354110.67,1142.2924838709678,25.833333333333332,29509.2225,0.0718562874251497,0.9281437125748503,
BENRALIZUMABE,FASENRA,FASENRA 30 MGML SOL INJ CT SER PREECH VD TRANS X 1ML 1 CAN APLIC,ASTRAZENECA DO BRASIL LTDA,"Asma eosinof√≠lica grave, Granulomatose Eosinof√≠lica com Poliange√≠te (GEPA)",ANTIASM√ÅTICOS INIBIDORES DA INTERLEUCINA,Anticorpo monoclonal que se liga diretamente √† subunidade alfa do receptor da interleucina-5 (IL-5RŒ±),SC,SOLUCAO INJETAVEL,30.0,0.0,0.0,353253.14,11775.104666666668,2.5,29437.76166666667,0,1.0,
DENOSUMABE,PROLIA,PROLIA 60 MGML SOL INJ CT SER PREENCH VD TRANS X 1 ML,AMGEN BIOTECNOLOGIA DO BRASIL LTDA,"Tumores com acomentimento √≥sseo para evitar lise √≥ssea (Met√°stase √≥ssea, Mieloma M√∫ltiplo, Hipercalcemia associada a tumores, TGC)",M5B9 - OUTROS REGULADORES DO C√ÅLCIO √ìSSEO,Anticorpo monoclonal que inibide osteoclastos atrav√©s da altera√ß√£o da prote√≠na RANKL,SC,SOLUCAO INJETAVEL,359.0,5.0,494.94,324008.8300000003,902.5315598885802,29.916666666666668,27000.735833333358,0.013736263736263736,0.9862637362637363,
LEUPRORRELINA,ELIGARD,ELIGARD 45 MG PO LIOF SUS INJ SC LIB PROL CT BL AL PLAS TRANS SER B AGU DISP SEGUR BL AL PLAS TRANS DIL SER A EMB 2 DESSEC,ADIUM S.A.,"C√¢ncer de pr√≥stata, endometriose, miomas uterinos",L2A3 - AN√ÅLOGOS HORMONAIS DE LIBERA√á√ÉO DE GONADOTROFINAS CITOST√ÅTICOS,Inibidor da secre√ß√£o de gonadotrofina (GnRH) pela hip√≥fise,SC,PO LIOFILO PARA SUSPENSAO INJETAVEL,53.0,4.0,2226.19,319747.1299999998,6032.964716981128,4.416666666666667,26645.594166666648,0.07017543859649122,0.9298245614035088,
ADALIMUMABE,HUMIRA,HUMIRA 40MG SOL INJ CT 2 BL X SER PREENC VD TRANS X 04 ML CAN APLIC (ADVANCE) ENV LEN ALCOOL,ABBVIE FARMACEUTICA LTDA.,"Artrite reumatoide, doen√ßa de Crohn, colite ulcerativa, psor√≠ase, espondilite anquilosante",L4B - PRODUTOS ANTI-TNF( FATOR DE NECROSE TUMORAL),Anticorpo monoclonal bloqueador do Fator de Necrose Tumoral alfa (TNF-ùõº),SC,SOLUCAO INJETAVEL,61.0,10.0,12694.16,310921.0499999998,5097.06639344262,5.083333333333333,25910.087499999983,0.14084507042253522,0.8591549295774648,
ETANERCEPTE,ENBREL PFS,ENBREL PFS 50 MG SOL INJ CT 4 SER PREENCH X 10 ML CAN APLIC PLAS (DUPLO CLIQUE) 4 LENCOS,LABORATORIOS PFIZER LTDA,"Artrite reumatoide, Artrite psori√°sica, Espondilite anquilosante, Psor√≠ase em placas",L4C - INIBIDORES DA INTERLEUCINA,Bloqueador do Fator de Necrose Tumoral alfa (TNF-ùõº),SC,SOLUCAO INJETAVEL,283.0,0.0,205950.1100000001,310864.28,1098.4603533568907,23.583333333333332,25905.35666666667,0,1.0,
PEGFILGRASTIM,PELGRAZ,PELGRAZ 10 MGML SOL INJ CT SER VD TRANS PREENC X 06 ML,ACCORD FARMACEUTICA LTDA,Neutropenia induzida por quimioterapia,L3A1 - FATORES ESTIMULANTES DE COL√îNIAS,Fator estimulador de col√¥nias de granul√≥citos (G-CSF),SC,SOLUCAO INJETAVEL,96.0,2.0,2096.8,303799.3300000004,3164.576354166671,8,25316.61083333337,0.02040816326530612,0.9795918367346939,
RAMUCIRUMABE,CYRAMZA,CYRAMZA RESTRITO HOSP CONVENIO 13221 100 MG 1 S,ELI LILLY DO BRASIL LTDA,"C√¢ncer g√°strico ou adenocarcinoma da jun√ß√£o gastroesof√°gica, C√¢ncer de pulm√£o de n√£o pequenas c√©lulas (CPNPC) metast√°tico ou localmente avan√ßado, C√¢ncer colorretal metast√°tico, Carcinoma hepatocelular avan√ßado","L1G2 - ANTICORPOS MONOCLONAIS ANTINEOPL√ÅSICOS, VEGF/VEGFR",Anticorpo monoclonal anti VEGF,SC,SOLUCAO PARA DILUICAO INJETAVEL,6412.0,1708.0,1490.87,302457.89,47.17060043668123,534.3333333333334,25204.82416666667,0.2103448275862069,0.7896551724137931,
BRODALUMABE,KYNTHEUM,KYNTHEUM 140 MGML SOL INJ CT 2 SER PREENC VD TRANS X 15 ML,LEO PHARMA LTDA,Psor√≠ase,L4C - INIBIDORES DA INTERLEUCINA,Anticorpo monoclonal (citocinas IL-17RA),SC,SOLUCAO INJETAVEL,81.0,0.0,0.0,269678.1100000001,3329.3593827160507,6.75,22473.175833333342,0,1.0,
IMUNOGLOBULINA,HIZENTRA,HIZENTRA 200 MGML SOL INJ SC CT FA VD TRANS X 20 ML,CSL BEHRING,"M√∫ltiplas indica√ß√µes, no contexto considerar imunomodula√ß√£o e reposi√ß√£o imunol√≥gica em TMO e terapias antineopl√°sicas",J6E - IMUNOGLOBULINAS POLIVALENTES INTRAMUSCULARES,Reposi√ß√£o de imunoglobulinas,SC,SOLUCAO PARA DILUICAO PARA INFUSAO,130.0,5.0,301.88,258002.29,1984.633,10.833333333333334,21500.190833333334,0.037037037037037035,0.962962962962963,
DEGARELIX,FIRMAGON,FIRMAGON 80 MG PO LIOF INJ CT 1 FA VD INC 1 DIL SER PREENCH VD TRANS X 42 ML 1 ADAP 1 AGU EMBOLO,LABORAT√ìRIOS FERRING LTDA,C√¢ncer de pr√≥stata,L2B9 - OUTROS CITOST√ÅTICOS ANTAGONISTAS HORMONAIS,Bloqueador de receptores de GnRH (supress√£o de LF e FSH),SC,SOLUCAO INJETAVEL,344.0,31.0,803.5300000000004,232678.2499999985,676.3902616279025,28.666666666666668,19389.85416666654,0.08266666666666667,0.9173333333333333,
AZACITIDINA,WINDUZA,WINDUZA 100 MG PO LIOF SUS INJ SC CT FA VD TRANS,DR. REDDYS FARMACEUTICA DO BRASIL LTDA,Leucemia Miel√≥ide Aguda (LMA) e S√≠ndromes Mielodispl√°sicas (SMD),L1B - AGENTES ANTINEOPL√ÅSICOS ANTIMETAB√ìLITOS,An√°logo de nucleos√≠deo pirim√≠dico que atua como um agente hipometilante,SC,PO LIOFILIZADO PARA SUSPENSAO INJETAVEL,21402.0,920.0,696.84,211481.6100000002,9.881394729464544,1783.5,17623.467500000017,0.04121494489741063,0.9587850551025894,
OMALIZUMABE,XOLAIR,XOLAIR 150 MG PO LIOF INJ CT FA VD INC AMP VD INC DIL X 2 ML,NOVARTIS BIOCIENCIAS S.A,"Asma al√©rgica persistente moderada a grave, Urtic√°ria Cr√¥nica Espont√¢nea (UCE), Rinossinusite cr√¥nica com p√≥lipos nasais","R3X2 - TODOS OS OUTROS PRODUTOS ANTI-ASM√ÅTICOS e DPOC, SIST√äMICOS",Anticorpo monoclonal bloqueador da IgE,SC,SOLUCAO INJETAVEL,65.0,0.0,0.0,191556.14,2947.0175384615386,5.416666666666667,15963.011666666667,0,1.0,
PEGFILGRASTIM,PEGNEUCYTE,PEGNEUCYTE 10 MGML SOL INJ CT SER PREENCH VD TRANS X 06 ML AGU COM SIST SEGURANCA,LABORATORIO TEUTO BRASILEIRO S/A,Neutropenia induzida por quimioterapia,L3A1 - FATORES ESTIMULANTES DE COL√îNIAS,Fator estimulador de col√¥nias de granul√≥citos (G-CSF),SC,SOLUCAO INJETAVEL,39.0,6.0,11862.5,190429.8,4882.815384615385,3.25,15869.15,0.13333333333333333,0.8666666666666667,
PERTUZUMABE+TRASTUZUMABE,PHESGO,PHESGO RESTRITO HOSP 1200 MG 600 MG SOL INJ S,PRODUTOS ROCHE QUIMICOS E FARMACEUTICOS S.A.,C√¢ncer de mama HER2-positivo,"L1G3 - ANTICORPOS MONOCLONAIS ANTINEOPL√ÅSICOS, HER-6",Anticorpo monoclonal inibidor da HER2,SC,SOLUCAO INJETAVEL,3.0,1.0,18.48,166123.52,55374.50666666666,0.25,13843.626666666665,0.25,0.75,
AZACITIDINA,WINDUZA,AZACITIDINA 100MG200MG PO LIOF SUS INJ SC FA VD INC X 200MG,DR. REDDYS FARMACEUTICA DO BRASIL LTDA,Leucemia Miel√≥ide Aguda (LMA) e S√≠ndromes Mielodispl√°sicas (SMD),L1B - AGENTES ANTINEOPL√ÅSICOS ANTIMETAB√ìLITOS,An√°logo de nucleos√≠deo pirim√≠dico que atua como um agente hipometilante,SC,PO LIOFILIZADO PARA SUSPENSAO INJETAVEL,11027.0,0.0,0.0,164195.7700000001,14.890339167497968,918.9166666666666,13682.980833333342,0,1.0,
ADALIMUMABE,HADLIMA,HADLIMA 40 MG SOL INJ CT 2 SER PREENCH VD TRANS X 08 ML CAN APLIC,SAMSUNG BIOEPIS BR PHARMACEUTICAL LTDA.,"Artrite reumatoide, doen√ßa de Crohn, colite ulcerativa, psor√≠ase, espondilite anquilosante",L4B - PRODUTOS ANTI-TNF( FATOR DE NECROSE TUMORAL),Anticorpo monoclonal bloqueador do Fator de Necrose Tumoral alfa (TNF-ùõº),SC,SOLUCAO INJETAVEL,222.0,0.0,0.0,162269.8399999995,730.945225225223,18.5,13522.486666666626,0,1.0,
TECLISTAMABE,TECVAYLI,TECVAYLI 10 MGML SOL INJ SC CT FA VD TRANS X 30 ML,JANSSEN-CILAG FARMACEUTICA LTDA,Mieloma m√∫ltiplo recidivado ou refrat√°rio,"L1G9 - ANTICORPOS MONOCLONAIS ANTINEOPL√ÅSICOS, OUTROS",Anticorpo monoclonal biespec√≠fico anti-CD3 e anti-ant√≠geno de matura√ß√£o de c√©lulas B (BCMA),SC,SOLUCAO INJETAVEL,165.0,0.0,0.0,152507.74,924.2893333333333,13.75,12708.978333333333,0,1.0,
FREMANEZUMABE,AJOVY,AJOVY 150 MGML SOL INJ CT SER PREENC VD TRANS X 15 ML,TEVA FARMACEUTICA LTDA,Enxaqueca epis√≥dica e cr√¥nica,N2C2 - ANTAGONISTAS DA CGRP ANTI-ENXAQUECA,Anticorpo monoclonal inibidor do pept√≠deo relacionado ao gene da calcitonina (CGRP),SC,SOLUCAO INJETAVEL,94.0,0.0,0.0,144755.34,1539.9504255319148,7.833333333333333,12062.945,0,1.0,
ADALIMUMABE,HUMIRA,HUMIRA 20 MG SOL INJ CT 2 BL X SER PREENCH X 02 ML ENV LEN ALCOOL,ABBVIE FARMACEUTICA LTDA.,"Artrite reumatoide, doen√ßa de Crohn, colite ulcerativa, psor√≠ase, espondilite anquilosante",L4B - PRODUTOS ANTI-TNF( FATOR DE NECROSE TUMORAL),Anticorpo monoclonal bloqueador do Fator de Necrose Tumoral alfa (TNF-ùõº),SC,SOLUCAO INJETAVEL,133.0,2.0,4945.36,134463.8300000002,1011.0062406015052,11.083333333333334,11205.319166666683,0.014814814814814815,0.9851851851851852,
ADALIMUMABE,HUMIRA,HUMIRA 80 MG SOL INJ CT BL X SER PREENC VD TRANS X 08 ML CAN APLIC (ADVANCE) ENV LEN ALCOOL,ABBVIE FARMACEUTICA LTDA.,"Artrite reumatoide, doen√ßa de Crohn, colite ulcerativa, psor√≠ase, espondilite anquilosante",L4B - PRODUTOS ANTI-TNF( FATOR DE NECROSE TUMORAL),Anticorpo monoclonal bloqueador do Fator de Necrose Tumoral alfa (TNF-ùõº),SC,SOLUCAO INJETAVEL,11.0,4.0,37199.46,122204.21,11109.473636363637,0.9166666666666666,10183.684166666668,0.26666666666666666,0.7333333333333334,
OMALIZUMABE,XOLAIR,XOLAIR 150 MG PO LIOF INJ CT FA VD INC,NOVARTIS BIOCIENCIAS S.A,"Asma al√©rgica persistente moderada a grave, Urtic√°ria Cr√¥nica Espont√¢nea (UCE), Rinossinusite cr√¥nica com p√≥lipos nasais","R3X2 - TODOS OS OUTROS PRODUTOS ANTI-ASM√ÅTICOS e DPOC, SIST√äMICOS",Anticorpo monoclonal bloqueador da IgE,SC,SOLUCAO INJETAVEL,34.0,0.0,0.0,100957.2,2969.3294117647056,2.8333333333333335,8413.1,0,1.0,
ADALIMUMABE,HYRIMOZ,HYRIMOZ 40 MG SOL INJ CT BL PLAS X 2 SER VD PREENCH C ACGU X 08 ML,SANDOZ DO BRASIL INDUSTRIA FARMACEUTICA LTDA,"Artrite reumatoide, doen√ßa de Crohn, colite ulcerativa, psor√≠ase, espondilite anquilosante",L4B - PRODUTOS ANTI-TNF( FATOR DE NECROSE TUMORAL),Anticorpo monoclonal bloqueador do Fator de Necrose Tumoral alfa (TNF-ùõº),SC,SOLUCAO INJETAVEL,103.0,1.0,6.98,100685.65,977.5305825242718,8.583333333333334,8390.470833333333,0.009615384615384616,0.9903846153846154,
ELRANATAMABE,ELREXFIO,ELREXFIO RESTRITO HOSP 40 MGML SOL INJ SC CT F,PFIZER BRASIL LTDA,Mieloma m√∫ltiplo recidivado ou refrat√°rio,"L1G9 - ANTICORPOS MONOCLONAIS ANTINEOPL√ÅSICOS, OUTROS",Anticorpo biespec√≠fico que atua como um ativador de c√©lulas T,SC,SOLUCAO INJETAVEL,214.0,62.0,1358105.15,76421.33,357.1090186915888,17.833333333333332,6368.444166666667,0.2246376811594203,0.7753623188405797,
DENOSUMABE,PROLIA,PROLIA CONVENIO 13221 60 MG SOL INJ CT SER PR,AMGEN BIOTECNOLOGIA DO BRASIL LTDA,"Tumores com acomentimento √≥sseo para evitar lise √≥ssea (Met√°stase √≥ssea, Mieloma M√∫ltiplo, Hipercalcemia associada a tumores, TGC)",M5B9 - OUTROS REGULADORES DO C√ÅLCIO √ìSSEO,Anticorpo monoclonal que inibide osteoclastos atrav√©s da altera√ß√£o da prote√≠na RANKL,SC,SOLUCAO INJETAVEL,72.0,4.0,94.76,69086.85999999999,959.539722222222,6,5757.238333333332,0.05263157894736842,0.9473684210526316,
FLUDARABINA,FLUDALIBBS,FLUDALIBBS 50 MG PO LIOF INJ CT 5 FA VD TRANS,LIBBS FARMACEUTICA LTDA ,"Leucemia Linfoc√≠tica Cr√¥nica (LLC) de c√©lulas B, Linfomas n√£o-Hodgkin",L1B - AGENTES ANTINEOPL√ÅSICOS ANTIMETAB√ìLITOS,"Pr√≥-f√°rmaco que √© convertido na forma ativa chamada 2F-ara-ATP dentro da c√©lula tumoral, impedindo a s√≠ntese de DNA e RNA",SC,PO LIOFILIZADO PARA SOLUCAO INJETAVEL,2505.0,459.0,1469.8,68580.65000000002,27.37750499001997,208.75,5715.054166666669,0.1548582995951417,0.8451417004048583,
LEUPRORRELINA,LECTRUM,LECTRUM 750 MG PO LIOF INJ CT FA VD INC AMP DIL X 15 ML SER 2 AGU,SANDOZ DO BRASIL INDUSTRIA FARMACEUTICA LTDA,"C√¢ncer de pr√≥stata, endometriose, miomas uterinos",L2A3 - AN√ÅLOGOS HORMONAIS DE LIBERA√á√ÉO DE GONADOTROFINAS CITOST√ÅTICOS,Inibidor da secre√ß√£o de gonadotrofina (GnRH) pela hip√≥fise,SC,PO LIOFILIZADO PARA SUSPENSAO INJETAVEL DE LIBERACAO PROLONGADA+SOLUCAO PARA DILUICAO INJETAVEL,219.0,4.0,4.4,68010.81000000008,310.5516438356168,18.25,5667.567500000007,0.017937219730941704,0.9820627802690582,
DUPILUMABE,DUPIXENT,DUPIXENT 175 MGML SOL INJ CT 2 SER PREENC VD TRANS X 114 ML 2 CAN APLIC,SANOFI MEDLEY FARMACEUTICA LTDA,"Dermatite at√≥pica, Asma grave, Rinossinusite cr√¥nica com p√≥lipo nasal, Esofagite eosinof√≠lica, Urtic√°ria cr√¥nica espont√¢nea",L4C - INIBIDORES DA INTERLEUCINA,Anticorpo monoclonal que inibe as vias de sinaliza√ß√£o das prote√≠nas interleucina-4 (IL-4) e interleucina-13 (IL-13),SC,SOLUCAO INJETAVEL,13.0,0.0,3934.77,66626.51,5125.116153846154,1.0833333333333333,5552.2091666666665,0,1.0,
GLATIRAMER,COPAXONE,COPAXONE 40 MGML SOL INJ SC CT 12 SER PREENC VD TRANS X 1 ML,TEVA FARMACEUTICA LTDA,Esclerose m√∫ltipla remissiva-recorrente (EMRR),N7A - PRODUTOS PARA ESCLEROSE M√öLTIPLA,Imunomodulador - supress√£o da resposta de c√©lulas T contra a bainha de mielina,SC,SOLUCAO INJETAVEL,132.0,0.0,0.0,65524.47,496.39750000000004,11,5460.3725,0,1.0,
LEUPRORRELINA,ELIGARD,ELIGARD 45 MG PO LIOF SUS INJ SC LIB PROL CT BL AL,ADIUM S.A.,"C√¢ncer de pr√≥stata, endometriose, miomas uterinos",L2A3 - AN√ÅLOGOS HORMONAIS DE LIBERA√á√ÉO DE GONADOTROFINAS CITOST√ÅTICOS,Inibidor da secre√ß√£o de gonadotrofina (GnRH) pela hip√≥fise,SC,PO LIOFILIZADO PARA SOLUCAO INJETAVEL,13.0,0.0,0.0,64705.85000000002,4977.373076923079,1.0833333333333333,5392.154166666668,0,1.0,
MEPOLIZUMABE,NUCALA,NUCALA 40 MG 04 ML SOL INJ CT SER PREENC VD TRANS ADAPT AGU,GLAXOSMITHKLINE BRASIL LTDA,"Asma eosinof√≠lica grave, Granulomatose eosinof√≠lica com poliange√≠te (GEPA), S√≠ndrome hipereosinof√≠lica (SHE), Polipose nasal cr√¥nica",R3M - ANTIASM√ÅTICOS INIBIDORES DA INTERLEUCINA,Anticorpo monoclonal que inibe a IL-7,SC,SOLUCAO INJETAVEL,17.0,0.0,0.0,63491.05,3734.7676470588235,1.4166666666666667,5290.920833333334,0,1.0,
IMUNOGLOBULINA,HIZENTRA,HIZENTRA 200 MGML SOL INJ SC CT FA VD TRANS X 10 ML,CSL BEHRING,"M√∫ltiplas indica√ß√µes, no contexto considerar imunomodula√ß√£o e reposi√ß√£o imunol√≥gica em TMO e terapias antineopl√°sicas",J6E - IMUNOGLOBULINAS POLIVALENTES INTRAMUSCULARES,Reposi√ß√£o de imunoglobulinas,SC,SOLUCAO PARA DILUICAO PARA INFUSAO,61.0,8.0,7154.97,61435.68999999996,1007.1424590163928,5.083333333333333,5119.64083333333,0.11594202898550725,0.8840579710144928,
ADALIMUMABE,HUMIRA,HUMIRA 80 MG SOL INJ CT BL X SER PREENC VD TRANS X 08 ML ENV LEN ALCOOL,ABBVIE FARMACEUTICA LTDA.,"Artrite reumatoide, doen√ßa de Crohn, colite ulcerativa, psor√≠ase, espondilite anquilosante",L4B - PRODUTOS ANTI-TNF( FATOR DE NECROSE TUMORAL),Anticorpo monoclonal bloqueador do Fator de Necrose Tumoral alfa (TNF-ùõº),SC,SOLUCAO INJETAVEL,7.0,3.0,13402.68,57364.71,8194.958571428571,0.5833333333333334,4780.3925,0.3,0.7,
ETANERCEPTE,ERELZI,ERELZI 50 MG SOL INJ CT 4 CAN PREENC X 1 ML SIST APLIC PLAS,SANDOZ DO BRASIL INDUSTRIA FARMACEUTICA LTDA,"Artrite reumatoide, Artrite psori√°sica, Espondilite anquilosante, Psor√≠ase em placas",L4C - INIBIDORES DA INTERLEUCINA,Bloqueador do Fator de Necrose Tumoral alfa (TNF-ùõº),SC,SOLUCAO INJETAVEL,78.0,0.0,0.0,52861.47000000002,677.7111538461542,6.5,4405.122500000002,0,1.0,
PEGFILGRASTIM,ZIEXTENZO,ZIEXTENZO 10 MGML SOL INJ SC CT SER PREENC VD TRANS X 06 ML DISP DE SEGURANCA,SANDOZ DO BRASIL INDUSTRIA FARMACEUTICA LTDA,Neutropenia induzida por quimioterapia,L3A1 - FATORES ESTIMULANTES DE COL√îNIAS,Fator estimulador de col√¥nias de granul√≥citos (G-CSF),SC,SOLUCAO INJETAVEL,53.0,0.0,0.0,47296.30000000005,892.3830188679254,4.416666666666667,3941.358333333337,0,1.0,
AZACITIDINA,VIDAZA,VIDAZA RESTRITO HOSP PO LIOF PINJ 100 MG CX 1,UNITED MEDICAL LTDA,Leucemia Miel√≥ide Aguda (LMA) e S√≠ndromes Mielodispl√°sicas (SMD),L1B - AGENTES ANTINEOPL√ÅSICOS ANTIMETAB√ìLITOS,An√°logo de nucleos√≠deo pirim√≠dico que atua como um agente hipometilante,SC,PO LIOFILIZADO PARA SOLUCAO INJETAVEL,1700.0,0.0,0.0,46920.0,27.6,141.66666666666666,3910.0,0,1.0,
AZACITIDINA,WINDUZA,AZACITIDINA 100 MG PO LIOF SUS INJ SC CT FA VD TRANS,DR. REDDYS FARMACEUTICA DO BRASIL LTDA,Leucemia Miel√≥ide Aguda (LMA) e S√≠ndromes Mielodispl√°sicas (SMD),L1B - AGENTES ANTINEOPL√ÅSICOS ANTIMETAB√ìLITOS,An√°logo de nucleos√≠deo pirim√≠dico que atua como um agente hipometilante,SC,PO LIOFILIZADO PARA SUSPENSAO INJETAVEL,3699.0,6.0,4342.410000000001,46381.29000000002,12.538872668288732,308.25,3865.107500000002,0.0016194331983805667,0.9983805668016195,
IMUNOGLOBULINA,IMUNOGLOBULIN,IMUNOGLOBULIN 50 MGML SOL INJ CX 100 FA VD INC X 100 ML,BLAU FARMACEUTICA S.A.,"M√∫ltiplas indica√ß√µes, no contexto considerar imunomodula√ß√£o e reposi√ß√£o imunol√≥gica em TMO e terapias antineopl√°sicas",J6E - IMUNOGLOBULINAS POLIVALENTES INTRAMUSCULARES,Reposi√ß√£o de imunoglobulinas,SC,SOLUCAO PARA DILUICAO PARA INFUSAO,18.0,18.0,969.66,46165.14,2564.73,1.5,3847.095,0.5,0.5,
IMUNOGLOBULINA,HIZENTRA,HIZENTRA 200 MGML SOL INJ SC CT FA VD TRANS X 5 ML,CSL BEHRING,"M√∫ltiplas indica√ß√µes, no contexto considerar imunomodula√ß√£o e reposi√ß√£o imunol√≥gica em TMO e terapias antineopl√°sicas",J6E - IMUNOGLOBULINAS POLIVALENTES INTRAMUSCULARES,Reposi√ß√£o de imunoglobulinas,SC,SOLUCAO PARA DILUICAO PARA INFUSAO,97.0,11.0,233.58,45372.94000000004,467.7622680412375,8.083333333333334,3781.0783333333366,0.10185185185185185,0.8981481481481481,
RANIBIZUMABE,LUCENTIS,LUCENTIS 10 MGML SOL INJ CT 1 SER PREENC VD TRANS X 0165 ML,NOVARTIS BIOCIENCIAS S.A,"Degenera√ß√£o Macular Relacionada √† Idade (DMRI) √∫mida, Edema macular diab√©tico (EMD), Retinopatia diab√©tica (RD), Edema macular devido √† oclus√£o da veia da retina (OVR), Neovasculariza√ß√£o coroidal mi√≥pica (NVC)",S1P - PRODUTOS ANTINEOVASCULARIZA√á√ÉO OCULAR,Antiangiog√™nico bloqueia a a√ß√£o do VEGF-A,SC,SOLUCAO INJETAVEL,16.0,0.0,2.19,44538.56,2783.66,1.3333333333333333,3711.5466666666666,0,1.0,
ADALIMUMABE,XILBRILADA 40MG,XILBRILADA 40MG SOL INJ CT X 2 SER PREENC VD TRANS X 08ML SIST APLIC PLAST PEN 2 ENV LEN ALCOOL,PFIZER BRASIL LTDA,"Artrite reumatoide, doen√ßa de Crohn, colite ulcerativa, psor√≠ase, espondilite anquilosante",L4B - PRODUTOS ANTI-TNF( FATOR DE NECROSE TUMORAL),Anticorpo monoclonal bloqueador do Fator de Necrose Tumoral alfa (TNF-ùõº),SC,SOLUCAO INJETAVEL,7.0,4.0,631.46,43489.72,6212.817142857143,0.5833333333333334,3624.1433333333334,0.36363636363636365,0.6363636363636364,
ADALIMUMABE,IDACIO,IDACIO 50 MGML SOL INJ SC CT 2 SER PREENC VD TRANS X 08 ML 2 LEN,FRESENIUS KABI BRASIL LTDA,"Artrite reumatoide, doen√ßa de Crohn, colite ulcerativa, psor√≠ase, espondilite anquilosante",L4B - PRODUTOS ANTI-TNF( FATOR DE NECROSE TUMORAL),Anticorpo monoclonal bloqueador do Fator de Necrose Tumoral alfa (TNF-ùõº),SC,SOLUCAO INJETAVEL,75.0,0.0,0.0,41549.7,553.996,6.25,3462.475,0,1.0,
ADALIMUMABE,AMGEVITA,AMGEVITA 50 MGML SOL INJ CT 2 SER PREENC VD TRANS X 08 ML ACOPLADA EM CAN APLIC,AMGEN BIOTECNOLOGIA DO BRASIL LTDA,"Artrite reumatoide, doen√ßa de Crohn, colite ulcerativa, psor√≠ase, espondilite anquilosante",L4B - PRODUTOS ANTI-TNF( FATOR DE NECROSE TUMORAL),Anticorpo monoclonal bloqueador do Fator de Necrose Tumoral alfa (TNF-ùõº),SC,SOLUCAO INJETAVEL,30.0,1.0,321.13,39386.39000000001,1312.879666666667,2.5,3282.199166666667,0.03225806451612903,0.967741935483871,
BIMEQUIZUMABE,BIMZELX,BIMZELX 160 MGML SOL INJ CT 2 CANETAS PREENC X 1 ML,UCB BIOPHARMA LTDA.,Psor√≠ase,L4C - INIBIDORES DA INTERLEUCINA,Anticorpo monoclonal (citocinas IL-17A e IL-17F),SC,SOLUCAO INJETAVEL,6.0,0.0,0.0,39116.71,6519.451666666667,0.5,3259.7258333333334,0,1.0,
ALFAPEGINTERFERONA 2A,PEGASYS,PEGASYS ICMS 0 RESTRITO HOSP 180 MCG SOL INJ CT,PRODUTOS ROCHE QU√çMICOS E FARMAC√äUTICOS S.A.,"Hepatites B e C, HCV com HIV, Policitemia vera, Trombocitemia essencial","J5D1 - ANTIVIRAIS PARA HEPATITE, INTERFERON E RIBAVIRINA",Imunomodulador que inibe a multiplica√ß√£o de v√≠rus,SC,SOLUCAO INJETAVEL,15.0,0.0,0.0,38198.84999999999,2546.5899999999992,1.25,3183.2374999999993,0,1.0,
ETANERCEPTE,ENBREL,ENBREL 25 MG PO LIOF INJ CT 4 EST X 1 FA VD INC 1 SER PREENCH DIL X 1 ML 1 AGU 1 ADAPT 2 LENCOS,LABORATORIOS PFIZER LTDA,"Artrite reumatoide, Artrite psori√°sica, Espondilite anquilosante, Psor√≠ase em placas",L4C - INIBIDORES DA INTERLEUCINA,Bloqueador do Fator de Necrose Tumoral alfa (TNF-ùõº),SC,PO LIOFILIZADO PARA SOLUCAO INJETAVEL+SOLUCAO DILUENTE,17.0,0.0,0.0,35774.69,2104.393529411765,1.4166666666666667,2981.224166666667,0,1.0,
RANIBIZUMABE,LUCENTIS,LUCENTIS 10 MGML SOL INJ CT 1 FA VD INC X 023 ML AGU C FILTRO,NOVARTIS BIOCIENCIAS S.A,"Degenera√ß√£o Macular Relacionada √† Idade (DMRI) √∫mida, Edema macular diab√©tico (EMD), Retinopatia diab√©tica (RD), Edema macular devido √† oclus√£o da veia da retina (OVR), Neovasculariza√ß√£o coroidal mi√≥pica (NVC)",S1P - PRODUTOS ANTINEOVASCULARIZA√á√ÉO OCULAR,Antiangiog√™nico bloqueia a a√ß√£o do VEGF-A,SC,SOLUCAO INJETAVEL,12.0,2.0,4000.5,33344.62,2778.7183333333337,1,2778.7183333333337,0.14285714285714285,0.8571428571428572,
ADALIMUMABE,HUMIRA AC,HUMIRA AC 80MG SOL INJ CT BL X SER PREENC X 04 M,ABBVIE FARMACEUTICA LTDA.,"Artrite reumatoide, doen√ßa de Crohn, colite ulcerativa, psor√≠ase, espondilite anquilosante",L4B - PRODUTOS ANTI-TNF( FATOR DE NECROSE TUMORAL),Anticorpo monoclonal bloqueador do Fator de Necrose Tumoral alfa (TNF-ùõº),SC,SOLUCAO INJETAVEL,3.0,0.0,0.0,32928.48,10976.160000000002,0.25,2744.0400000000004,0,1.0,
AZACITIDINA,AZLA,AZLA 100 MG PO LIOF SUS INJ SC CT FA VD TRANS,LABORATORIO QUIMICO FARMACEUTICO BERGAMO LTDA,Leucemia Miel√≥ide Aguda (LMA) e S√≠ndromes Mielodispl√°sicas (SMD),L1B - AGENTES ANTINEOPL√ÅSICOS ANTIMETAB√ìLITOS,An√°logo de nucleos√≠deo pirim√≠dico que atua como um agente hipometilante,SC,SOLUCAO INJETAVEL,973.0,0.0,0.0,29380.82000000001,30.19611510791368,81.08333333333333,2448.4016666666676,0,1.0,
ETANERCEPTE,ERELZI,ERELZI 50 MG SOL INJ CT BL PLAS X 4 SER VD PREENC C AGU X 1 ML,SANDOZ DO BRASIL INDUSTRIA FARMACEUTICA LTDA,"Artrite reumatoide, Artrite psori√°sica, Espondilite anquilosante, Psor√≠ase em placas",L4C - INIBIDORES DA INTERLEUCINA,Bloqueador do Fator de Necrose Tumoral alfa (TNF-ùõº),SC,SOLUCAO INJETAVEL,55.0,0.0,0.0,27069.1,492.1654545454545,4.583333333333333,2255.758333333333,0,1.0,
ETANERCEPTE,BRENZYS,BRENZYS 50 MG ML SOL INJ CT 4 SER PREENCH X 10 ML,SAMSUNG BIOEPIS BR PHARMACEUTICAL LTDA.,"Artrite reumatoide, Artrite psori√°sica, Espondilite anquilosante, Psor√≠ase em placas",L4C - INIBIDORES DA INTERLEUCINA,Bloqueador do Fator de Necrose Tumoral alfa (TNF-ùõº),SC,SOLUCAO INJETAVEL,43.0,0.0,0.0,21167.23999999999,492.26139534883697,3.5833333333333335,1763.9366666666658,0,1.0,
PEGFILGRASTIM,PEGTIMA,PEGTIMA 10 MGML SOL INJ CT SER VD TRANS PREENC X 06 ML,BIONOVIS S.A. - COMPANHIA BRASILEIRA DE BIOTECNOLOGIA FARMACEUTICA,Neutropenia induzida por quimioterapia,L3A1 - FATORES ESTIMULANTES DE COL√îNIAS,Fator estimulador de col√¥nias de granul√≥citos (G-CSF),SC,SOLUCAO INJETAVEL,17.0,2.0,318.78,19685.47,1157.9688235294118,1.4166666666666667,1640.4558333333334,0.10526315789473684,0.8947368421052632,
TALQUETAMABE,TALVEY,TALVEY 2 MGML SOL INJ SC CT FA VD TRANS X 15 ML,JANSSEN-CILAG FARMACEUTICA LTDA,Mieloma m√∫ltiplo recidivado ou refrat√°rio,"L1G9 - ANTICORPOS MONOCLONAIS ANTINEOPL√ÅSICOS, OUTROS",Anticorpo monoclonal anti-CD3 e anti-GPRC5D,SC,SOLUCAO INJETAVEL,14.0,9.0,7448.07,19168.62,1369.1871428571428,1.1666666666666667,1597.385,0.391304347826087,0.6086956521739131,
OMALIZUMABE,XOLAIR,XOLAIR 75 MG SOL INJ CT 1 SER PREENC VD TRANS X 05 ML,NOVARTIS BIOCIENCIAS S.A,"Asma al√©rgica persistente moderada a grave, Urtic√°ria Cr√¥nica Espont√¢nea (UCE), Rinossinusite cr√¥nica com p√≥lipos nasais","R3X2 - TODOS OS OUTROS PRODUTOS ANTI-ASM√ÅTICOS e DPOC, SIST√äMICOS",Anticorpo monoclonal bloqueador da IgE,SC,SOLUCAO INJETAVEL,12.0,4.0,451.59,18424.23999999999,1535.3533333333326,1,1535.3533333333326,0.25,0.75,
DEGARELIX,FIRMAGON,FIRMAGON 120 MG PO LIOF INJ CT 2 FA VD INC 2 DIL SER PREENCH VD TRANS X 3 ML 2 ADAP 2 AGU 2 EMBOLOS,LABORAT√ìRIOS FERRING LTDA,C√¢ncer de pr√≥stata,L2B9 - OUTROS CITOST√ÅTICOS ANTAGONISTAS HORMONAIS,Bloqueador de receptores de GnRH (supress√£o de LF e FSH),SC,SOLUCAO INJETAVEL,29.0,0.0,0.0,18169.7,626.5413793103448,2.4166666666666665,1514.1416666666667,0,1.0,
LIPEGFILGRASTIM,LONQUEX,LONQUEX CONVENIO 13221 10 MGML SOL INJ SC CT SE,TEVA FARMACEUTICA LTDA,"Neutropenia induzida por quimioterapia, p√≥s-TMO",L3A1 - FATORES ESTIMULANTES DE COL√îNIAS,Fator estimulador de col√¥nias de granul√≥citos (G-CSF),SC,SOLUCAO INJETAVEL,3.0,0.0,0.0,17618.45,5872.816666666667,0.25,1468.2041666666667,0,1.0,
LIPEGFILGRASTIM,LONQUEX,LONQUEX 10 MGML SOL INJ SC CT SER PREENC VD INC X 06 ML,TEVA FARMACEUTICA LTDA,"Neutropenia induzida por quimioterapia, p√≥s-TMO",L3A1 - FATORES ESTIMULANTES DE COL√îNIAS,Fator estimulador de col√¥nias de granul√≥citos (G-CSF),SC,SOLUCAO INJETAVEL,8.0,0.0,0.0,16907.89,2113.48625,0.6666666666666666,1408.9908333333333,0,1.0,
BETAINTERFERONA 1A,REBIF,REBIF 44 MCG SOL INJ CT 12 SER PREENC VD TRANS X 05 ML,MERCK S/A,Esclerose M√∫ltipla Remitente-Recorrente (EMRR),N7A - PRODUTOS PARA ESCLEROSE M√öLTIPLA,Imunomodulador,SC,SOLUCAO INJETAVEL,12.0,0.0,0.0,13647.41,1137.2841666666666,1,1137.2841666666666,0,1.0,
IDARRUBICINA,EVOMID,EVOMID 10 MG PO LIOF INJ CT FA VD TRANS,FARMARIN INDUSTRIA E COMERCIO LTDA ,"Leucemia Mieloide Aguda (LMA), Leucemia linfoc√≠tica aguda (LLA)",L1D - AGENTES ANTINEOPL√ÅSICOS ANTIBI√ìTICOS,Inibi√ß√£o da s√≠ntese de DNA e RNA ao interferir a atividade da topoisomerase II,SC,PO LIOFILIZADO PARA SOLUCAO INJETAVEL,78.0,0.0,0.0,13429.84,172.1774358974359,6.5,1119.1533333333334,0,1.0,
SECUQUINUMABE,COSENTYX,COSENTYX 75 MG SOL INJ CT 1 SER PREENC VD TRANS X 05 ML,NOVARTIS BIOCIENCIAS S.A,"Psor√≠ase em placas moderada a grave, Artrite psori√°sica ativa, Espondilite anquilosante ativa, Artrite relacionada √† entesite (ARE), Hidradenite supurativa",L4C - INIBIDORES DA INTERLEUCINA,Anticorpo monoclonal que age bloqueando a IL-17A,SC,SOLUCAO INJETAVEL,5.0,0.0,0.0,12186.62,2437.324,0.4166666666666667,1015.5516666666667,0,1.0,
EPCORITAMABE,EPKINLY,EPKINLY 5 MGML SOL DIL INJ CT FR AMP VD TRANS X 1 ML,ABBVIE FARMACEUTICA LTDA.,"Linfoma difuso de grandes c√©lulas B (LDGCB), linfoma folicular (LF)","L1G9 - ANTICORPOS MONOCLONAIS ANTINEOPL√ÅSICOS, OUTROS",Anticorpo biespec√≠fico que atua como um ativador de c√©lulas T e ativa as prote√≠nas CD3 e CD20,SC,SOLUCAO INJETAVEL,12.0,0.0,0.0,11991.24,999.27,1,999.27,0,1.0,
GOLIMUMABE,SIMPONI,SIMPONI 100 MG SOL INJ CT 1 SER PREENC X 10 ML AC,JANSSEN-CILAG FARMACEUTICA LTDA,"Artrite reumatoide (geralmente em combina√ß√£o com metotrexato), Artrite psori√°sica, Espondiloartrite axial n√£o radiogr√°fica, Espondilite anquilosante, Colite ulcerativa",L4B - PRODUTOS ANTI-TNF( FATOR DE NECROSE TUMORAL),Anticorpo monoclonal anti TNF-ùõº,SC,SOLUCAO INJETAVEL,1.0,0.0,0.0,11787.5,11787.5,0.08333333333333333,982.2916666666666,0,1.0,
EPCORITAMABE,EPKINLY,EPKINLY RESTRITO HOSP 5 MG X 1 ML,ABBVIE FARMACEUTICA LTDA.,"Linfoma difuso de grandes c√©lulas B (LDGCB), linfoma folicular (LF)","L1G9 - ANTICORPOS MONOCLONAIS ANTINEOPL√ÅSICOS, OUTROS",Anticorpo biespec√≠fico que atua como um ativador de c√©lulas T e ativa as prote√≠nas CD3 e CD22,SC,SOLUCAO INJETAVEL,2.0,0.0,0.0,11307.58,5653.79,0.16666666666666666,942.2983333333333,0,1.0,
LEUPRORRELINA,LECTRUM,LECTRUM 375 MG PO LIOF INJ CT FA VD INC AMP DIL X 15 ML SER 2 AGU,SANDOZ DO BRASIL INDUSTRIA FARMACEUTICA LTDA,"C√¢ncer de pr√≥stata, endometriose, miomas uterinos",L2A3 - AN√ÅLOGOS HORMONAIS DE LIBERA√á√ÉO DE GONADOTROFINAS CITOST√ÅTICOS,Inibidor da secre√ß√£o de gonadotrofina (GnRH) pela hip√≥fise,SC,PO LIOFILIZADO PARA SUSPENSAO INJETAVEL DE LIBERACAO PROLONGADA+SOLUCAO PARA DILUICAO INJETAVEL,21.0,7.0,45.34,10095.55,480.74047619047616,1.75,841.2958333333332,0.25,0.75,
GOLIMUMABE,SIMPONI,SIMPONI 100 MG SOL INJ CT 1 SER PREENC X 10 ML ACOPLADA EM CAN APLIC C MANGA SEG,JANSSEN-CILAG FARMACEUTICA LTDA,"Artrite reumatoide (geralmente em combina√ß√£o com metotrexato), Artrite psori√°sica, Espondiloartrite axial n√£o radiogr√°fica, Espondilite anquilosante, Colite ulcerativa",L4B - PRODUTOS ANTI-TNF( FATOR DE NECROSE TUMORAL),Anticorpo monoclonal anti TNF-ùõº,SC,SOLUCAO INJETAVEL,1.0,0.0,0.0,9461.03,9461.03,0.08333333333333333,788.4191666666667,0,1.0,
ADALIMUMABE,IDACIO,IDACIO 50 MGML SOL INJ SC CT 2 CAN APLIC X 08 ML 2 LEN,FRESENIUS KABI BRASIL LTDA,"Artrite reumatoide, doen√ßa de Crohn, colite ulcerativa, psor√≠ase, espondilite anquilosante",L4B - PRODUTOS ANTI-TNF( FATOR DE NECROSE TUMORAL),Anticorpo monoclonal bloqueador do Fator de Necrose Tumoral alfa (TNF-ùõº),SC,SOLUCAO INJETAVEL,12.0,0.0,0.0,6961.34,580.1116666666667,1,580.1116666666667,0,1.0,
ETANERCEPTE,BRENZYS,BRENZYS 50 MGML SOL INJ CT 4 SER PREENCH X 10 ML SIST APL PLAS (PEN),SAMSUNG BIOEPIS BR PHARMACEUTICAL LTDA.,"Artrite reumatoide, Artrite psori√°sica, Espondilite anquilosante, Psor√≠ase em placas",L4C - INIBIDORES DA INTERLEUCINA,Bloqueador do Fator de Necrose Tumoral alfa (TNF-ùõº),SC,SOLUCAO INJETAVEL,12.0,0.0,0.0,5920.88,493.4066666666667,1,493.4066666666667,0,1.0,
DUPILUMABE,DUPIXENT,DUPIXENT 150 MG/ML SOL INJ CT 2 SER PREENC VD TRAN,SANOFI MEDLEY FARMACEUTICA LTDA,"Dermatite at√≥pica, Asma grave, Rinossinusite cr√¥nica com p√≥lipo nasal, Esofagite eosinof√≠lica, Urtic√°ria cr√¥nica espont√¢nea",L4C - INIBIDORES DA INTERLEUCINA,Anticorpo monoclonal que inibe as vias de sinaliza√ß√£o das prote√≠nas interleucina-4 (IL-4) e interleucina-13 (IL-13),SC,SOLUCAO INJETAVEL,1.0,0.0,0.0,5150.27,5150.27,0.08333333333333333,429.1891666666667,0,1.0,
PEGFILGRASTIM,FULPHILA,FULPHILA 10 MGML SOL INJ CT SER PREENCH VD TRANS X 06 ML AGU COM SIST SEGURANCA,EQUILIBRIO COMERCIO DE PRODUTOS FARMACEUTICOS LTDA,Neutropenia induzida por quimioterapia,L3A1 - FATORES ESTIMULANTES DE COL√îNIAS,Fator estimulador de col√¥nias de granul√≥citos (G-CSF),SC,SOLUCAO INJETAVEL,3.0,0.0,0.0,4512.299999999999,1504.0999999999997,0.25,376.0249999999999,0,1.0,
ALIROCUMABE,PRALUENT,IRO 20 MGML SOL DIL INFUS CT FA VD AMB X 5 ML,SANOFI MEDLEY FARMACEUTICA LTDA,"Hipercolesterolemia prim√°ria e dislipidemia mista, Doen√ßa cardiovascular ateroscler√≥tica, Intoler√¢ncia a estatinas",C10A4 - INIBIDORES DA PR√ì-PROTEINA CONVERTASE SUBTILISINA/KEXINA TIPO 9 (PCSK9),"Anticorpo monoclonal bloqueador da prote√≠na PCSK9 (proprote√≠na convertase subtilisina quexina tipo 9), aumentando o n√∫mero desses receptores no f√≠gado e permitindo maior remo√ß√£o de LDL sangu√≠neo",SC,SOLUCAO INJETAVEL,4910.0,252.0,120.94,2878.21,0.586193482688391,409.1666666666667,239.85083333333333,0.04881828748547075,0.9511817125145292,
ALFAEPOETINA,ERITROPOIETINA,ERITROPOIETINA 4000 UIML SOL INJ IVSC CT 20 FA VD TRANS X 1 ML,EQUILIBRIO COMERCIO DE PRODUTOS FARMACEUTICOS LTDA,Antian√™mico,B3C - ERITROPOIET√çNAS,Estimulador da eritropoiese,SC,SOLUCAO INJETAVEL,18.0,0.0,0.0,417.34,23.185555555555553,1.5,34.77833333333333,0,1.0,
Total,,,,,,,,,594138.0,116456.0,6261014.699999998,199707844.30000076,336.13040118625764,49511.5,16642320.358333396,0.16388542543280693,0.8361145745671931,
,,,,,,,,,,,,,0.9992092219800041,-25831.08695652174,20.427446575840804,-1.0485678179100866,,
,,,,,,,,,,,,,Maior,Menor,,Maior,,
