Princípio Ativo,Nome Comercial,Apresentação Comercial,Fabricante,Finalidade de Uso,Classe Terapêutica,Mecanismo de Ação,Via de Administração,Forma Farmacêutica,Soma de QT_APROVADA,Soma de QT_GLOSATOTAL,Soma de VL_GLOSADO,Soma de VL_APROVADO,VL_UNITÁRIO,QT_MÉDIA_MENSAL,VL_MÉDIO_MENSAL,% GLOSA,%VL APROVADO,Unnamed: 19
IXAZOMIBE,NINLARO,NINLARO 4 MG CAP DURA CT BL AL AL X 3,TAKEDA PHARMA LTDA.,Mieloma múltiplo,L1J - ANTINEOPLÁSICOS INIBIDORES DE PROTEASSOMA,Inibidor do proteassoma 20S - acumula proteínas defeituosas e leva a célula à apoptose celular,ORAL,CAPSULA DURA,51.0,0.0,0.0,436489.91,8558.625686274509,4.25,36374.159166666665,0,1.0,
ASCIMINIBE,SCEMBLIX,SCEMBLIX 20 MG COM REV CT FR PLAS PEAD OPC X 60,NOVARTIS BIOCIENCIAS S.A,Leucemia Mieloide Crônica (LMC) com cromossomo Philadelphia positivo (Ph+) em fase crônica (FC,"L1H1 - INIBIDORES PREOTEÍNA KINASE ANTINEOPLÁSICOS, BCR-ABL",Inibidor da tirosina quinase ABL/BCR-ABL1,ORAL,COMPRIMIDO REVESTIDO,2.0,0.0,0.0,12497.66,6248.83,0.16666666666666666,1041.4716666666666,0,1.0,
IXAZOMIBE,NINLARO,NINLARO 3 MG CAP DURA CT BL AL AL X 3,TAKEDA PHARMA LTDA.,Mieloma múltiplo,L1J - ANTINEOPLÁSICOS INIBIDORES DE PROTEASSOMA,Inibidor do proteassoma 20S - acumula proteínas defeituosas e leva a célula à apoptose celular,ORAL,CAPSULA DURA,36.0,0.0,0.0,210595.8,5849.883333333333,3,17549.649999999998,0,1.0,
LENALIDOMIDA,NUVYOR,NUVYOR 10 MG CAP DURA CT BL AL PLAS PVCPCTFE TRANS X 21,EUROFARMA LABORATORIOS S.A.,"Mieloma múltiplo, Síndrome Mielodisplásica (SMD) com deleção 5q, Linfoma de Células do Manto (LCM), Linfoma Folicular (LF) e Linfoma de Zona Marginal (LZM)",L1K - ANTINEOPLÁSICOS LIDOMIDA,"Imunomodulador (aumenta atividade de Linf T NK), antiangiogênico e antineoplásico (induz a morte celular)",ORAL,CAPSULA DURA,207.0,0.0,0.0,572167.08,2764.092173913043,17.25,47680.59,0,1.0,
LENALIDOMIDA,NUVYOR,NUVYOR 25 MG CAP DURA CT BL AL PLAS PVCPCTFE TRANS X 21,EUROFARMA LABORATORIOS S.A.,"Mieloma múltiplo, Síndrome Mielodisplásica (SMD) com deleção 5q, Linfoma de Células do Manto (LCM), Linfoma Folicular (LF) e Linfoma de Zona Marginal (LZM)",L1K - ANTINEOPLÁSICOS LIDOMIDA,"Imunomodulador (aumenta atividade de Linf T NK), antiangiogênico e antineoplásico (induz a morte celular)",ORAL,CAPSULA DURA,72.0,0.0,0.0,177360.58,2463.3413888888886,6,14780.048333333332,0,1.0,901.0757611991277
TEMOZOLOMIDA,TEMODAL,TEMODAL 250 MG CAP CT SACH X 5,MERCK SHARP & DOHME FARMACEUTICA LTDA,"Glioblastoma multiforme, Glioma maligno, Melanoma metastático",L1A - AGENTES ANTINEOPLÁSICOS ALQUILANTES,Agente antineoplásico alquilante pró-fármaco que forma o composto ativo MTIC (monometil-triaceno-imidazol-carboxamida) que é citotóxico,ORAL,CAPSULA,5.0,0.0,0.0,12278.6,2455.7200000000003,0.4166666666666667,1023.2166666666667,0,1.0,903.1029308280588
IBRUTINIBE,IMBRUVICA,IMBRUVICA 560 MG COM REV CT BL AL PLAS PVCPCTFE TRANS X 30,JANSSEN-CILAG FARMACEUTICA LTDA,"Leucemia linfocítica crônica, linfoma do manto, macroglobulinemia de Waldenström, Doença do Enxerto Contra Hospedeiro Crônica (DECHc)","L1H6 - ANTINEOPLÁSICOS INIBIDORES DA PROTEÍNA QUINASE, BTK",Inibidor potente e seletivo da tirosina quinase de Bruton (BTK),ORAL,COMPRIMIDO REVESTIDO,1380.0,0.0,0.0,2547300.909999999,1845.8702246376806,115,212275.07583333328,0,1.0,
LENALIDOMIDA,REVLIMID,REVLIMID RESTRITO HOSP 25 MG CT BL AL PLAS TR,BRISTOL-MYERS SQUIBB FARMACEUTICA LTDA,"Mieloma múltiplo, Síndrome Mielodisplásica (SMD) com deleção 5q, Linfoma de Células do Manto (LCM), Linfoma Folicular (LF) e Linfoma de Zona Marginal (LZM)",L1K - ANTINEOPLÁSICOS LIDOMIDA,"Imunomodulador (aumenta atividade de Linf T NK), antiangiogênico e antineoplásico (induz a morte celular)",ORAL,CAPSULA DURA,133.0,28.0,0.03,213003.39,1601.529248120301,11.083333333333334,17750.2825,0.17391304347826086,0.8260869565217391,
GILTERITINIBE,XOSPATA,XOSPATA 40 MG COM REV CT BL AL AL X 84,ASTELLAS FARMA BRASIL IMPORTACAO E DISTRIBUICAO DE MEDICAMENTOS LTDA,Leucemia Mieloide Aguda (LMA) recidivada ou refratária com mutação no gene FLT3,L1H9 - OUTROS ANTINEOPLÁSICOS INIBIDORES DA PROTEÍNA KINASE,"Inibidor da tirosina quinase, bloqueando a sinalização do receptor FLT3",ORAL,COMPRIMIDO REVESTIDO,1008.0,0.0,0.0,1592349.04,1579.7113492063493,84,132695.75333333333,0,1.0,
LENALIDOMIDA,REVLIMID,REVLIMID 25 MG CAP DURA CT BL AL PLAS TRANS X 14,BRISTOL-MYERS SQUIBB FARMACEUTICA LTDA,"Mieloma múltiplo, Síndrome Mielodisplásica (SMD) com deleção 5q, Linfoma de Células do Manto (LCM), Linfoma Folicular (LF) e Linfoma de Zona Marginal (LZM)",L1K - ANTINEOPLÁSICOS LIDOMIDA,"Imunomodulador (aumenta atividade de Linf T NK), antiangiogênico e antineoplásico (induz a morte celular)",ORAL,CAPSULA DURA,162.0,0.0,0.0,250540.4,1546.5456790123455,13.5,20878.366666666665,0,1.0,
LENALIDOMIDA,REVLIMID,REVLIMID RESTRITO HOSP - 25 MG CT BL AL PLAS ,BRISTOL-MYERS SQUIBB FARMACEUTICA LTDA,"Mieloma múltiplo, Síndrome Mielodisplásica (SMD) com deleção 5q, Linfoma de Células do Manto (LCM), Linfoma Folicular (LF) e Linfoma de Zona Marginal (LZM)",L1K - ANTINEOPLÁSICOS LIDOMIDA,"Imunomodulador (aumenta atividade de Linf T NK), antiangiogênico e antineoplásico (induz a morte celular)",ORAL,CAPSULA DURA,987.0,819.0,4513.48,1482241.16,1501.7640932117527,82.25,123520.09666666666,0.45348837209302323,0.5465116279069768,
SELUMETINIBE,KOSELUGO,KOSELUGO 25 MG CAP DURA CT FR PLAS PEAD OPC X 60,ASTRAZENECA DO BRASIL LTDA,Neurofibromas plexiformes (NP) sintomáticos e inoperáveis em pacientes pediátricos com neurofibromatose tipo 1 (NF1),"L1H4 - INIBIDORES PREOTEÍNA KINASE ANTINEOPLÁSICOS, BRAF/MEK",Antineoplásico inibidor seletivo da via MEK (proteína quinase ativada por mitógenos - MEK1 e MEK2),ORAL,CAPSULA DURA,2400.0,0.0,0.0,3592175.180000002,1496.739658333334,200,299347.9316666668,0,1.0,
LEVOCABOZANTINIBE,CABOMETYX,CABOMETYX 60 MG COM REV CT FR PLAS OPC X 30,BEAUFOUR IPSEN FARMACEUTICA LTDA,"Carcinoma renal avançado, carcinoma hepatocelular, câncer de tireoide",L1H9 - OUTROS ANTINEOPLÁSICOS INIBIDORES DA PROTEÍNA KINASE,"Inibidor da atividade de diversas proteínas quinases, incluindo MET e VEGF",ORAL,COMPRIMIDO REVESTIDO,1200.0,0.0,0.0,1791873.790000001,1493.2281583333342,100,149322.8158333334,0,1.0,
LENALIDOMIDA,REVLIMID,REVLIMID RESTRITO HOSP 15 MG CT BL AL PLAS TR,BRISTOL-MYERS SQUIBB FARMACEUTICA LTDA,"Mieloma múltiplo, Síndrome Mielodisplásica (SMD) com deleção 5q, Linfoma de Células do Manto (LCM), Linfoma Folicular (LF) e Linfoma de Zona Marginal (LZM)",L1K - ANTINEOPLÁSICOS LIDOMIDA,"Imunomodulador (aumenta atividade de Linf T NK), antiangiogênico e antineoplásico (induz a morte celular)",ORAL,CAPSULA DURA,21.0,0.0,0.0,29280.51,1394.31,1.75,2440.0425,0,1.0,
IBRUTINIBE,IMBRUVICA,IMBRUVICA 420 MG COM REV CT BL AL PLAS PVCPCTFE TRANS X 30,JANSSEN-CILAG FARMACEUTICA LTDA,"Leucemia linfocítica crônica, linfoma do manto, macroglobulinemia de Waldenström, Doença do Enxerto Contra Hospedeiro Crônica (DECHc)","L1H6 - ANTINEOPLÁSICOS INIBIDORES DA PROTEÍNA QUINASE, BTK",Inibidor potente e seletivo da tirosina quinase de Bruton (BTK),ORAL,COMPRIMIDO REVESTIDO,4800.0,60.0,48778.25,6645758.900000009,1384.5331041666684,400,553813.2416666674,0.012345679012345678,0.9876543209876543,
LEVOCABOZANTINIBE,CABOMETYX,CABOMETYX 40 MG COM REV CT FR PLAS OPC X 30,BEAUFOUR IPSEN FARMACEUTICA LTDA,"Carcinoma renal avançado, carcinoma hepatocelular, câncer de tireoide",L1H9 - OUTROS ANTINEOPLÁSICOS INIBIDORES DA PROTEÍNA KINASE,"Inibidor da atividade de diversas proteínas quinases, incluindo MET e VEGF",ORAL,COMPRIMIDO REVESTIDO,2580.0,0.0,0.0,3533821.219999999,1369.6981472868213,215,294485.10166666657,0,1.0,
LENALIDOMIDA,REVLIMID,REVLIMID RESTRITO HOSP 5 MG CT BL AL PLAS TRA,BRISTOL-MYERS SQUIBB FARMACEUTICA LTDA,"Mieloma múltiplo, Síndrome Mielodisplásica (SMD) com deleção 5q, Linfoma de Células do Manto (LCM), Linfoma Folicular (LF) e Linfoma de Zona Marginal (LZM)",L1K - ANTINEOPLÁSICOS LIDOMIDA,"Imunomodulador (aumenta atividade de Linf T NK), antiangiogênico e antineoplásico (induz a morte celular)",ORAL,CAPSULA DURA,84.0,0.0,0.0,104108.97,1239.3925,7,8675.7475,0,1.0,
LENALIDOMIDA,REVLIMID,REVLIMID RESTRITO HOSP 10 MG CT BL AL PLAS TR,BRISTOL-MYERS SQUIBB FARMACEUTICA LTDA,"Mieloma múltiplo, Síndrome Mielodisplásica (SMD) com deleção 5q, Linfoma de Células do Manto (LCM), Linfoma Folicular (LF) e Linfoma de Zona Marginal (LZM)",L1K - ANTINEOPLÁSICOS LIDOMIDA,"Imunomodulador (aumenta atividade de Linf T NK), antiangiogênico e antineoplásico (induz a morte celular)",ORAL,CAPSULA DURA,3066.0,1610.0,3256.88,3739345.620000002,1219.6169667318989,255.5,311612.1350000002,0.344311377245509,0.655688622754491,
LENALIDOMIDA,REVLIMID,REVLIMID 10 MG CAP DURA CT BL AL PLAS TRANS X 14,BRISTOL-MYERS SQUIBB FARMACEUTICA LTDA,"Mieloma múltiplo, Síndrome Mielodisplásica (SMD) com deleção 5q, Linfoma de Células do Manto (LCM), Linfoma Folicular (LF) e Linfoma de Zona Marginal (LZM)",L1K - ANTINEOPLÁSICOS LIDOMIDA,"Imunomodulador (aumenta atividade de Linf T NK), antiangiogênico e antineoplásico (induz a morte celular)",ORAL,CAPSULA DURA,427.0,0.0,3.14,505246.1899999998,1183.246346604215,35.583333333333336,42103.84916666665,0,1.0,
POMALIDOMIDA,POMALYST,POMALYST 4 MG CAP DURA CT BL AL PLAS PVCPCTFE TRANS X 21,BRISTOL-MYERS SQUIBB FARMACEUTICA LTDA,Mieloma Múltiplo Recidivado ou Refratário,L1K - ANTINEOPLÁSICOS LIDOMIDA,"Agente antineoplásico imunomodulador com múltiplas ações: modula o Linf T NK, interfere na múltiplicação das células tumorais, possui ação antiangiogênese",ORAL,CAPSULA DURA,105.0,0.0,0.0,121395.19,1156.1446666666666,8.75,10116.265833333333,0,1.0,
LENALIDOMIDA,REVLIMID,REVLIMID 15 MG CAP DURA CT BL AL PLAS TRANS X 14,BRISTOL-MYERS SQUIBB FARMACEUTICA LTDA,"Mieloma múltiplo, Síndrome Mielodisplásica (SMD) com deleção 5q, Linfoma de Células do Manto (LCM), Linfoma Folicular (LF) e Linfoma de Zona Marginal (LZM)",L1K - ANTINEOPLÁSICOS LIDOMIDA,"Imunomodulador (aumenta atividade de Linf T NK), antiangiogênico e antineoplásico (induz a morte celular)",ORAL,CAPSULA DURA,127.0,0.0,3.14,145071.09,1142.2920472440944,10.583333333333334,12089.2575,0,1.0,
VISMODEGIBE,ERIVEDGE,ERIVEDGE 150 MG CAP DURA CT FR PLAS OPC X 28,PRODUTOS ROCHE QUIMICOS E FARMACEUTICOS S.A.,Carcinoma basocelular (CBC) avançado ou metastático,L1X6 - ANTINEOPLÁSICOS INIBIDORES DA VIA HEDGEHOG,"Antineoplásico inibidor da via de sinalização Hedgehog (sinal de ouriço), crucial para o controle da multiplicação celular. Bloqueador da proteína Smoothened (SMO) da via Hedgehog, impede o crescimento do tumor.",ORAL,CAPSULA,504.0,0.0,0.0,565995.4700000001,1123.006884920635,42,47166.28916666668,0,1.0,
MOSIMERTINIBE,TAGRISSO,TAGRISSO 80 MG COM REV CT BL AL AL X 30,ASTRAZENECA DO BRASIL LTDA,Câncer de pulmão de células não pequenas com mutação EGFR T790M,"L1H2 - INIBIDORES PREOTEÍNA KINASE ANTINEOPLÁSICOS, EGFR","Inibidor da tirosina quinase, bloqueador da atividade do receptor do fator de crescimento epidérmico (EGFR)",ORAL,COMPRIMIDO,8670.0,0.0,0.0,9499246.899999956,1095.6455478662,722.5,791603.9083333296,0,1.0,
MOSIMERTINIBE,TAGRISSO,TAGRISSO 40 MG COM REV CT BL AL AL X 30,ASTRAZENECA DO BRASIL LTDA,Câncer de pulmão de células não pequenas com mutação EGFR T790M,"L1H2 - INIBIDORES PREOTEÍNA KINASE ANTINEOPLÁSICOS, EGFR","Inibidor da tirosina quinase, bloqueador da atividade do receptor do fator de crescimento epidérmico (EGFR)",ORAL,COMPRIMIDO,510.0,0.0,0.0,558647.88,1095.388,42.5,46553.99,0,1.0,
LENALIDOMIDA,NUVYOR,NUVYOR 15 MG CAP DURA CT BL AL PLAS PVCPCTFE TRANS X 28,EUROFARMA LABORATORIOS S.A.,"Mieloma múltiplo, Síndrome Mielodisplásica (SMD) com deleção 5q, Linfoma de Células do Manto (LCM), Linfoma Folicular (LF) e Linfoma de Zona Marginal (LZM)",L1K - ANTINEOPLÁSICOS LIDOMIDA,"Imunomodulador (aumenta atividade de Linf T NK), antiangiogênico e antineoplásico (induz a morte celular)",ORAL,CAPSULA DURA,476.0,0.0,0.0,520317.16,1093.1032773109243,39.666666666666664,43359.76333333333,0,1.0,
LORLATINIBE,LORBRENA,LORBRENA 100 MG COM REV CT FR PLAS PEAD OPC X 30,PFIZER BRASIL LTDA,Câncer de pulmão de células não pequenas ALK-positivo avançado ou metastático,"L1H3 - INIBIDORES PREOTEÍNA KINASE ANTINEOPLÁSICOS, ALK",Inibidor competitivo de ATP através das quinases do linfoma anapl ALK,ORAL,COMPRIMIDO REVESTIDO,840.0,0.0,0.0,890868.1299999999,1060.5572976190474,70,74239.01083333332,0,1.0,
LENALIDOMIDA,LENANGIO,LENANGIO 25 MG CAP DURA CT BL AL AL X 21,DR. REDDYS FARMACÊUTICA DO BRASIL LTDA,"Mieloma múltiplo, Síndrome Mielodisplásica (SMD) com deleção 5q, Linfoma de Células do Manto (LCM), Linfoma Folicular (LF) e Linfoma de Zona Marginal (LZM)",L1K - ANTINEOPLÁSICOS LIDOMIDA,"Imunomodulador (aumenta atividade de Linf T NK), antiangiogênico e antineoplásico (induz a morte celular)",ORAL,CAPSULA DURA,399.0,0.0,0.0,404704.58,1014.2971929824562,33.25,33725.38166666667,0,1.0,
LENALIDOMIDA,REVLIMID,REVLIMID 20 MG CP DURA CT BL AL PLAS TRANS X 21,BRISTOL-MYERS SQUIBB FARMACEUTICA LTDA,"Mieloma múltiplo, Síndrome Mielodisplásica (SMD) com deleção 5q, Linfoma de Células do Manto (LCM), Linfoma Folicular (LF) e Linfoma de Zona Marginal (LZM)",L1K - ANTINEOPLÁSICOS LIDOMIDA,"Imunomodulador (aumenta atividade de Linf T NK), antiangiogênico e antineoplásico (induz a morte celular)",ORAL,CAPSULA DURA,189.0,0.0,0.0,188850.64,999.2097354497355,15.75,15737.553333333335,0,1.0,
LENALIDOMIDA,REVLIMID,REVLIMID 25 MG CAP DURA CT BL AL PLAS TRANS X 21,BRISTOL-MYERS SQUIBB FARMACEUTICA LTDA,"Mieloma múltiplo, Síndrome Mielodisplásica (SMD) com deleção 5q, Linfoma de Células do Manto (LCM), Linfoma Folicular (LF) e Linfoma de Zona Marginal (LZM)",L1K - ANTINEOPLÁSICOS LIDOMIDA,"Imunomodulador (aumenta atividade de Linf T NK), antiangiogênico e antineoplásico (induz a morte celular)",ORAL,CAPSULA DURA,3272.0,273.0,1479.93,3178768.189999997,971.5061705378964,272.6666666666667,264897.34916666645,0.0770098730606488,0.9229901269393512,
PALBOCICLIBE,AGATHA,AGATHA 125 MG CAP DURA CT FR PLAS PEAD OPC X 21,PFIZER BRASIL LTDA,Câncer de mama avançado com receptores hormonais positivos HER2-negativos,"L1H5 - INIBIDORES PREOTEÍNA KINASE ANTINEOPLÁSICOS, CDK 4/6",Inibidor seletivo das quinases dependentes de ciclina 4 e 6 (CDK4/6),ORAL,CAPSULA,105.0,0.0,0.0,94575.25,900.7166666666667,8.75,7881.270833333333,0,1.0,
LAROTRECTINIBE,VITRAKVI,VITRAKVI 100 MG CAP DURA CT FR PLAS PEAD OPC X 60,BAYER S.A.,Tumores sólidos que apresentam fusão do gene NTRK,L1H9 - OUTROS ANTINEOPLÁSICOS INIBIDORES DA PROTEÍNA KINASE,Bloqueador seletivo da atividade da TRK (tropomyosin receptor kinase),ORAL,CAPSULA DURA,360.0,0.0,0.0,319543.58,887.6210555555556,30,26628.631666666668,0,1.0,
LENALIDOMIDA,LENANGIO,LENANGIO 10 MG CAP DURA CT BL AL AL X 21,DR. REDDYS FARMACÊUTICA DO BRASIL LTDA,"Mieloma múltiplo, Síndrome Mielodisplásica (SMD) com deleção 5q, Linfoma de Células do Manto (LCM), Linfoma Folicular (LF) e Linfoma de Zona Marginal (LZM)",L1K - ANTINEOPLÁSICOS LIDOMIDA,"Imunomodulador (aumenta atividade de Linf T NK), antiangiogênico e antineoplásico (induz a morte celular)",ORAL,CAPSULA DURA,525.0,0.0,0.0,464907.7400000002,885.5385523809528,43.75,38742.31166666668,0,1.0,
LENALIDOMIDA,NUVYOR,NUVYOR 15 MG CAP DURA CT BL AL PLAS PVCPCTFE TRANS X 21,EUROFARMA LABORATORIOS S.A.,"Mieloma múltiplo, Síndrome Mielodisplásica (SMD) com deleção 5q, Linfoma de Células do Manto (LCM), Linfoma Folicular (LF) e Linfoma de Zona Marginal (LZM)",L1K - ANTINEOPLÁSICOS LIDOMIDA,"Imunomodulador (aumenta atividade de Linf T NK), antiangiogênico e antineoplásico (induz a morte celular)",ORAL,CAPSULA DURA,42.0,0.0,0.0,37044.0,882,3.5,3087,0,1.0,
LENALIDOMIDA,NUVYOR,NUVYOR 10 MG CAP DURA CT BL AL PLAS PVCPCTFE TRANS X 28,EUROFARMA LABORATORIOS S.A.,"Mieloma múltiplo, Síndrome Mielodisplásica (SMD) com deleção 5q, Linfoma de Células do Manto (LCM), Linfoma Folicular (LF) e Linfoma de Zona Marginal (LZM)",L1K - ANTINEOPLÁSICOS LIDOMIDA,"Imunomodulador (aumenta atividade de Linf T NK), antiangiogênico e antineoplásico (induz a morte celular)",ORAL,CAPSULA DURA,448.0,0.0,0.0,394487.28,880.5519642857143,37.333333333333336,32873.94,0,1.0,
LENALIDOMIDA,REVLIMID,REVLIMID 15 MG CAP DURA CT BL AL PLAS TRANS X 28,BRISTOL-MYERS SQUIBB FARMACEUTICA LTDA,"Mieloma múltiplo, Síndrome Mielodisplásica (SMD) com deleção 5q, Linfoma de Células do Manto (LCM), Linfoma Folicular (LF) e Linfoma de Zona Marginal (LZM)",L1K - ANTINEOPLÁSICOS LIDOMIDA,"Imunomodulador (aumenta atividade de Linf T NK), antiangiogênico e antineoplásico (induz a morte celular)",ORAL,CAPSULA DURA,217.0,0.0,0.0,182310.61,840.141059907834,18.083333333333332,15192.550833333333,0,1.0,
LENALIDOMIDA,REVLIMID,REVLIMID 10 MG CAP DURA CT BL AL PLAS TRANS X 21,BRISTOL-MYERS SQUIBB FARMACEUTICA LTDA,"Mieloma múltiplo, Síndrome Mielodisplásica (SMD) com deleção 5q, Linfoma de Células do Manto (LCM), Linfoma Folicular (LF) e Linfoma de Zona Marginal (LZM)",L1K - ANTINEOPLÁSICOS LIDOMIDA,"Imunomodulador (aumenta atividade de Linf T NK), antiangiogênico e antineoplásico (induz a morte celular)",ORAL,CAPSULA DURA,5552.0,0.0,0.0,4657444.510000003,838.8768930115278,462.6666666666667,388120.3758333335,0,1.0,
LENALIDOMIDA,REVLIMID,REVLIMID 15 MG CAP DURA CT BL AL PLAS TRANS X 21,BRISTOL-MYERS SQUIBB FARMACEUTICA LTDA,"Mieloma múltiplo, Síndrome Mielodisplásica (SMD) com deleção 5q, Linfoma de Células do Manto (LCM), Linfoma Folicular (LF) e Linfoma de Zona Marginal (LZM)",L1K - ANTINEOPLÁSICOS LIDOMIDA,"Imunomodulador (aumenta atividade de Linf T NK), antiangiogênico e antineoplásico (induz a morte celular)",ORAL,CAPSULA DURA,1113.0,0.0,0.0,922017.4000000006,828.4073674752925,92.75,76834.78333333338,0,1.0,
LENALIDOMIDA,REVLIMID,REVLIMID 10 MG CAP DURA CT BL AL PLAS TRANS X 28,BRISTOL-MYERS SQUIBB FARMACEUTICA LTDA,"Mieloma múltiplo, Síndrome Mielodisplásica (SMD) com deleção 5q, Linfoma de Células do Manto (LCM), Linfoma Folicular (LF) e Linfoma de Zona Marginal (LZM)",L1K - ANTINEOPLÁSICOS LIDOMIDA,"Imunomodulador (aumenta atividade de Linf T NK), antiangiogênico e antineoplásico (induz a morte celular)",ORAL,CAPSULA DURA,3318.0,280.0,2972.58,2662855.369999999,802.5483333333331,276.5,221904.6141666666,0.07782101167315175,0.9221789883268483,
VANDETANIBE,CAPRELSA,CAPRELSA 300 MG COM REV CT BL AL PLAS TRANS X 30,SANOFI MEDLEY FARMACEUTICA LTDA,Carcinoma medular de tireoide,L1H9 - OUTROS ANTINEOPLÁSICOS INIBIDORES DA PROTEÍNA KINASE,"Antineoplásico inibidor da tirosina quinase (VEGFR, EGFR e RET)",ORAL,COMPRIMIDO REVESTIDO,150.0,0.0,0.0,112701.75,751.345,12.5,9391.8125,0,1.0,
TACROLIMO,PROGRAF,PROGRAF 5 MGML SOL INJ CT 10 AMP VD INC X 1 ML,ASTELLAS FARMA BRASIL IMPORTACAO E DISTRIBUICAO DE MEDICAMENTOS LTDA,"Transplante de órgãos sólidos, Dermatite atópica",L4X - OUTROS IMUNOSSUPRESSORES,"Imunossupressor.
Inibidor da calcineurina que ajuda a reduzir a resposta do sistema imunológico",ORAL,CAPSULA GELATINOSA DURA,53.0,0.0,0.0,38991.42000000003,735.6871698113213,4.416666666666667,3249.285000000002,0,1.0,
LENALIDOMIDA,REVLIMID,LENALIDOMIDA 5 MG CAP DURA CT BL AL AL X 21,BRISTOL-MYERS SQUIBB FARMACEUTICA LTDA,"Mieloma múltiplo, Síndrome Mielodisplásica (SMD) com deleção 5q, Linfoma de Células do Manto (LCM), Linfoma Folicular (LF) e Linfoma de Zona Marginal (LZM)",L1K - ANTINEOPLÁSICOS LIDOMIDA,"Imunomodulador (aumenta atividade de Linf T NK), antiangiogênico e antineoplásico (induz a morte celular)",ORAL,CAPSULA DURA,21.0,0.0,0.0,15246.0,726,1.75,1270.5,0,1.0,
LEVOCABOZANTINIBE,CABOMETYX,CABOMETYX 20 MG COM REV CT FR PLAS OPC X 30,BEAUFOUR IPSEN FARMACEUTICA LTDA,"Carcinoma renal avançado, carcinoma hepatocelular, câncer de tireoide",L1H9 - OUTROS ANTINEOPLÁSICOS INIBIDORES DA PROTEÍNA KINASE,"Inibidor da atividade de diversas proteínas quinases, incluindo MET e VEGF",ORAL,COMPRIMIDO REVESTIDO,626.0,60.0,3219.42,442330.25,706.5978434504792,52.166666666666664,36860.854166666664,0.08746355685131195,0.9125364431486881,
LENALIDOMIDA,REVLIMID,REVLIMID 5 MG CAP DURA CT BL AL PLAS TRANS X 21,BRISTOL-MYERS SQUIBB FARMACEUTICA LTDA,"Mieloma múltiplo, Síndrome Mielodisplásica (SMD) com deleção 5q, Linfoma de Células do Manto (LCM), Linfoma Folicular (LF) e Linfoma de Zona Marginal (LZM)",L1K - ANTINEOPLÁSICOS LIDOMIDA,"Imunomodulador (aumenta atividade de Linf T NK), antiangiogênico e antineoplásico (induz a morte celular)",ORAL,CAPSULA DURA,1595.0,126.0,9827.610000000004,1124592.269999998,705.0735235109705,132.91666666666666,93716.02249999983,0.07321324811156305,0.926786751888437,
ACALABRUTINIBE,CALQUENCE,CALQUENCE COMPRIMIDOS 100 MG CT X 60 CPRS,ASTRAZENECA DO BRASIL LTDA,"Leucemia linfocítica crônica, linfoma do manto","L1H6 - ANTINEOPLÁSICOS INIBIDORES DA PROTEÍNA QUINASE, BTK",Inibidor da tirosina quinase de Bruton (BTK),ORAL,CAPSULA DURA,60.0,60.0,0.26,41486.74,691.4456666666666,5,3457.228333333333,0.5,0.5,
MIDOSTAURINA,RYDAPT,RYDAPT 25 MG CAP MOLE CT BL AL AL X 112,NOVARTIS BIOCIENCIAS S.A,"Leucemia Mieloide Aguda (LMA) recém-diagnosticada com mutação FLT3, Mastocitose sistêmica avançada (MSA)",L1H9 - OUTROS ANTINEOPLÁSICOS INIBIDORES DA PROTEÍNA KINASE,"Bloqueador da atividade da tirosina quinase FLT3, induzizndo apoptose",ORAL,CAPSULA MOLE,594.0,34.0,3780.460000000001,410071.1399999996,690.3554545454539,49.5,34172.594999999965,0.054140127388535034,0.945859872611465,
TRAMETINIBE,MEKINIST,MEKINIST 2 MGDOSE COM REV CT FR PLAS OPC X 30,NOVARTIS BIOCIENCIAS S.A,"Melanoma que apresentam mutação no gene BRAF V600, Câncer de pulmão de células não pequenas (CPCNP) metastático com mutação BRAF V600E","L1H4 - INIBIDORES PREOTEÍNA KINASE ANTINEOPLÁSICOS, BRAF/MEK",Antineoplásico inibidor seletivo da via MEK (proteína quinase ativada por mitógenos - MEK1 e MEK2),ORAL,COMPRIMIDO REVESTIDO,4110.0,0.0,0.0,2764595.940000004,672.6510802919718,342.5,230382.99500000034,0,1.0,
TEMOZOLOMIDA,TEMODAL,TEMODAL 140 MG CAP CT SACH X 5,MERCK SHARP & DOHME FARMACEUTICA LTDA,"Glioblastoma multiforme, Glioma maligno, Melanoma metastático",L1A - AGENTES ANTINEOPLÁSICOS ALQUILANTES,Agente antineoplásico alquilante pró-fármaco que forma o composto ativo MTIC (monometil-triaceno-imidazol-carboxamida) que é citotóxico,ORAL,CAPSULA,10.0,0.0,0.0,6659.62,665.962,0.8333333333333334,554.9683333333334,0,1.0,
BRIGATINIBE,EVOBRIG,EVOBRIG 180 MG COM REV CT BL AL PLAS PCTFE TRANS X 28,TAKEDA PHARMA LTDA.,Câncer de Pulmão de Não Pequenas Células (CPNPC) localmente avançado ou metastático,"L1H3 - INIBIDORES PREOTEÍNA KINASE ANTINEOPLÁSICOS, ALK",Inibidor de tirosina quinase ALK,ORAL,COMPRIMIDO REVESTIDO,1288.0,0.0,0.0,857556.3099999997,665.8045885093165,107.33333333333333,71463.0258333333,0,1.0,
SELUMETINIBE,KOSELUGO,KOSELUGO 10 MG CAP DURA CT FR PLAS PEAD OPC X 60,ASTRAZENECA DO BRASIL LTDA,Neurofibromas plexiformes (NP) sintomáticos e inoperáveis em pacientes pediátricos com neurofibromatose tipo 1 (NF1),"L1H4 - INIBIDORES PREOTEÍNA KINASE ANTINEOPLÁSICOS, BRAF/MEK",Antineoplásico inibidor seletivo da via MEK (proteína quinase ativada por mitógenos - MEK1 e MEK2),ORAL,CAPSULA DURA,1500.0,0.0,0.0,930320.81,620.2138733333334,125,77526.73416666668,0,1.0,
BRIGATINIBE,EVOBRIG,EVOBRIG 90 MG COM REV CT BL AL PLAS PCTFE TRANS X 7 180 MG COM REV CT BL AL PLAS PCTFE TRANS X 21,TAKEDA PHARMA LTDA.,Câncer de Pulmão de Não Pequenas Células (CPNPC) localmente avançado ou metastático,"L1H3 - INIBIDORES PREOTEÍNA KINASE ANTINEOPLÁSICOS, ALK",Inibidor de tirosina quinase ALK,ORAL,COMPRIMIDO REVESTIDO,140.0,0.0,0.0,82650.93,590.3637857142857,11.666666666666666,6887.577499999999,0,1.0,
ACALABRUTINIBE,CALQUENCE,CALQUENCE COMPRIMIDOS 100 MG COM REV CT BL AL AL X 60,ASTRAZENECA DO BRASIL LTDA,"Leucemia linfocítica crônica (LLC), linfoma do manto (LCM)","L1H6 - ANTINEOPLÁSICOS INIBIDORES DA PROTEÍNA QUINASE, BTK",Inibidor da tirosina quinase de Bruton (BTK),ORAL,CAPSULA DURA,7380.0,0.0,0.0,4128782.919999997,559.4556802168017,615,344065.2433333331,0,1.0,
IMATINIBE,GLIVEC,GLIVEC 400 MG COM REV CT BL AL PVCPEPVDC X 30,NOVARTIS BIOCIENCIAS S.A,"Leucemia mieloide crônica (LMC) Ph+, Leucemia Linfoblástica Aguda (LLA) Ph+, Tumores estromais gastrointestinais (GIST), Fibrose sistêmica","L1H1 - INIBIDORES PREOTEÍNA KINASE ANTINEOPLÁSICOS, BCR-ABL","Inibidor da tirosina quinase BCR-ABL, bloqueando a proliferação e induzindo morte celular",ORAL,COMPRIMIDO REVESTIDO,2250.0,0.0,0.0,1127249.16,500.99962666666664,187.5,93937.43,0,1.0,
LENALIDOMIDA,LENANGIO,LENANGIO 15 MG CAP DURA CT BL AL AL X 21,DR. REDDYS FARMACÊUTICA DO BRASIL LTDA,"Mieloma múltiplo, Síndrome Mielodisplásica (SMD) com deleção 5q, Linfoma de Células do Manto (LCM), Linfoma Folicular (LF) e Linfoma de Zona Marginal (LZM)",L1K - ANTINEOPLÁSICOS LIDOMIDA,"Imunomodulador (aumenta atividade de Linf T NK), antiangiogênico e antineoplásico (induz a morte celular)",ORAL,CAPSULA DURA,63.0,0.0,0.0,31484.04,499.74666666666667,5.25,2623.67,0,1.0,
ASCIMINIBE,SCEMBLIX,SCEMBLIX 40 MG COM REV CT FR PLAS PEAD OPC X 60,NOVARTIS BIOCIENCIAS S.A,Leucemia Mieloide Crônica (LMC) com cromossomo Philadelphia positivo (Ph+) em fase crônica (FC,"L1H1 - INIBIDORES PREOTEÍNA KINASE ANTINEOPLÁSICOS, BCR-ABL",Inibidor da tirosina quinase ABL/BCR-ABL1,ORAL,COMPRIMIDO REVESTIDO,1742.0,0.0,0.0,869217.55,498.9767795637199,145.16666666666666,72434.79583333334,0,1.0,
TEMOZOLOMIDA,TEMODAL,TEMODAL 100 MG CAP CT SACH X 5,MERCK SHARP & DOHME FARMACEUTICA LTDA,"Glioblastoma multiforme, Glioma maligno, Melanoma metastático",L1A - AGENTES ANTINEOPLÁSICOS ALQUILANTES,Agente antineoplásico alquilante pró-fármaco que forma o composto ativo MTIC (monometil-triaceno-imidazol-carboxamida) que é citotóxico,ORAL,CAPSULA,156.0,35.0,11629.87,77797.68000000001,498.703076923077,13,6483.14,0.18324607329842932,0.8167539267015707,
LENALIDOMIDA,LENANGIO,LENANGIO 10 MG CAP DURA CT BL AL AL X 28,DR. REDDYS FARMACÊUTICA DO BRASIL LTDA,"Mieloma múltiplo, Síndrome Mielodisplásica (SMD) com deleção 5q, Linfoma de Células do Manto (LCM), Linfoma Folicular (LF) e Linfoma de Zona Marginal (LZM)",L1K - ANTINEOPLÁSICOS LIDOMIDA,"Imunomodulador (aumenta atividade de Linf T NK), antiangiogênico e antineoplásico (induz a morte celular)",ORAL,CAPSULA DURA,84.0,0.0,0.0,40530.42,482.505,7,3377.535,0,1.0,
LENALIDOMIDA,NUVYOR,NUVYOR 5 MG CAP DURA CT BL AL PLAS PVCPCTFE TRANS X 21,EUROFARMA LABORATORIOS S.A.,"Mieloma múltiplo, Síndrome Mielodisplásica (SMD) com deleção 5q, Linfoma de Células do Manto (LCM), Linfoma Folicular (LF) e Linfoma de Zona Marginal (LZM)",L1K - ANTINEOPLÁSICOS LIDOMIDA,"Imunomodulador (aumenta atividade de Linf T NK), antiangiogênico e antineoplásico (induz a morte celular)",ORAL,CAPSULA DURA,378.0,0.0,0.0,182073.99,481.6772222222222,31.5,15172.832499999999,0,1.0,
SUNITINIBE,SUTENT,SUTENT 50 MG CAP DURA CT FR PLAS OPC X 28,PFIZER BRASIL LTDA,"Tumor estromal gastrintestinal (GIST), Tumores neuroendócrinos pancreáticos (PNET), Carcinoma de células renais (CCR) avançado e/ou metastático",L1H9 - OUTROS ANTINEOPLÁSICOS INIBIDORES DA PROTEÍNA KINASE,"Inibidor de múltiplas proteínas quinases, incluindo os receptores do fator de crescimento endotelial vascular (VEGFR) e o c-KIT",ORAL,CAPSULA DURA,224.0,0.0,25881.0,107757.41,481.0598660714286,18.666666666666668,8979.784166666666,0,1.0,
LENALIDOMIDA,LENANGIO,LENANGIO 5 MG CAP DURA CT BL AL AL X 21,DR. REDDYS FARMACÊUTICA DO BRASIL LTDA,"Mieloma múltiplo, Síndrome Mielodisplásica (SMD) com deleção 5q, Linfoma de Células do Manto (LCM), Linfoma Folicular (LF) e Linfoma de Zona Marginal (LZM)",L1K - ANTINEOPLÁSICOS LIDOMIDA,"Imunomodulador (aumenta atividade de Linf T NK), antiangiogênico e antineoplásico (induz a morte celular)",ORAL,CAPSULA DURA,126.0,0.0,0.0,60495.24000000001,480.1209523809525,10.5,5041.270000000001,0,1.0,
PALBOCICLIBE,IBRANCE,IBRANCE 125 MG CAP DURA CT FR PLAS OPC X 21,PFIZER BRASIL LTDA,Câncer de mama avançado com receptores hormonais positivos HER2-negativos,"L1H5 - INIBIDORES PREOTEÍNA KINASE ANTINEOPLÁSICOS, CDK 4/8",Inibidor seletivo das quinases dependentes de ciclina 4 e 6 (CDK4/6),ORAL,CAPSULA,4347.0,0.0,41141.20999999999,2086025.429999996,479.8770255348507,362.25,173835.45249999966,0,1.0,
LENALIDOMIDA,LENANGIO,LENANGIO 15 MG CAP DURA CT BL AL AL X 28,DR. REDDYS FARMACÊUTICA DO BRASIL LTDA,"Mieloma múltiplo, Síndrome Mielodisplásica (SMD) com deleção 5q, Linfoma de Células do Manto (LCM), Linfoma Folicular (LF) e Linfoma de Zona Marginal (LZM)",L1K - ANTINEOPLÁSICOS LIDOMIDA,"Imunomodulador (aumenta atividade de Linf T NK), antiangiogênico e antineoplásico (induz a morte celular)",ORAL,CAPSULA DURA,28.0,0.0,0.0,13412.16,479.0057142857143,2.3333333333333335,1117.68,0,1.0,
EVEROLIMO,AFINITOR,AFINITOR 10 MG COM CT BL ALAL X 30,NOVARTIS BIOCIENCIAS S.A,"Câncer de mama avançado, Tumores neuroendócrinos (NET), Câncer de rim (carcinoma de células renais - CCR), Astrocitoma subependimário de células gigantes (SEGA), Angiomiolipoma renal",L1H9 - OUTROS ANTINEOPLÁSICOS INIBIDORES DA PROTEÍNA KINASE,"Inibidor da mTOR (alvo da rapamicina em mamíferos), uma proteína que atua como reguladora central do crescimento",ORAL,COMPRIMIDO SIMPLES,30.0,0.0,0.0,14095.08,469.836,2.5,1174.59,0,1.0,
DICAPMATINIBE,TABRECTA,TABRECTA 200 MG COM REV CT BL AL PLAS PVCPCTFE TRANS X 120,NOVARTIS BIOCIENCIAS S.A,Câncer de Pulmão de Não Pequenas Células (CPNPC) localmente avançado ou metastático,L1H9 - OUTROS ANTINEOPLÁSICOS INIBIDORES DA PROTEÍNA KINASE,Inibidor seletivo da proteína receptora da tirosina quinase de transição mesenquimal-epitelial (MET) - inibe a fosforilação do MET,ORAL,COMPRIMIDO REVESTIDO,600.0,0.0,0.0,279486.29,465.8104833333333,50,23290.524166666666,0,1.0,
IBRUTINIBE,IMBRUVICA,IMBRUVICA 140 MG COM REV CT BL AL PLAS PVCPCTFE TRANS X 30,JANSSEN-CILAG FARMACEUTICA LTDA,"Leucemia linfocítica crônica, linfoma do manto, macroglobulinemia de Waldenström, Doença do Enxerto Contra Hospedeiro Crônica (DECHc)","L1H6 - ANTINEOPLÁSICOS INIBIDORES DA PROTEÍNA QUINASE, BTK",Inibidor potente e seletivo da tirosina quinase de Bruton (BTK),ORAL,COMPRIMIDO REVESTIDO,660.0,0.0,0.0,303195.06,459.38645454545457,55,25266.255,0,1.0,
RUXOLITINIBE,JAKAVI,JAKAVI 15 MG COM CT BL AL PLAS TRANS X 60,NOVARTIS BIOCIENCIAS S.A,"Mielofibrose, policitemia vera, Doença do Enxerto Contra o Hospedeiro (DECH)",L1H9 - OUTROS ANTINEOPLÁSICOS INIBIDORES DA PROTEÍNA KINASE,Antineoplásico inibidor da Janus quinase (JAK1 e JAK 2),ORAL,COMPRIMIDO SIMPLES,1500.0,0.0,0.0,676649.8500000001,451.09990000000005,125,56387.48750000001,0,1.0,
RUXOLITINIBE,JAKAVI,JAKAVI 20 MG COM CT BL AL PLAS TRANS X 60,NOVARTIS BIOCIENCIAS S.A,"Mielofibrose, policitemia vera, Doença do Enxerto Contra o Hospedeiro (DECH)",L1H9 - OUTROS ANTINEOPLÁSICOS INIBIDORES DA PROTEÍNA KINASE,Antineoplásico inibidor da Janus quinase (JAK1 e JAK 2),ORAL,COMPRIMIDO SIMPLES,2280.0,0.0,0.0,1025967.270000001,449.9856447368425,190,85497.27250000008,0,1.0,
VENETOCLAX,VENCLEXTA,VENCLEXTA 100 MG CT FR PLAS OPC X 120 CPRS R,ABBVIE FARMACEUTICA LTDA.,"Leucemia linfocítica crônica (LLC), leucemia mieloide aguda (LMA)",L1X9 - TODOS OS OUTROS ANTINEOPLÁSICOS,Antineoplásico inibidor da proteína BCL-5,ORAL,COMPRIMIDO REVESTIDO,120.0,0.0,0.0,53269.2,443.90999999999997,10,4439.099999999999,0,1.0,
DASATINIBE,SPRYCEL,SPRYCEL 100 MG COM REV CT FR PLAS OPC X 30,BRISTOL-MYERS SQUIBB FARMACEUTICA LTDA,"Leucemia mieloide crônica (LMC), Leucemia linfoblástica aguda (LLA) Ph+","L1H1 - INIBIDORES PREOTEÍNA KINASE ANTINEOPLÁSICOS, BCR-ABL",Inibidor da tirosina quinase ABL/BCR-ABL1,ORAL,COMPRIMIDO REVESTIDO,4110.0,0.0,0.0,1813152.139999994,441.15623844282095,342.5,151096.01166666616,0,1.0,
NIRAPARIBE,ZEJULA,ZEJULA 100 MG CAP DURA CT BL AL PLAS PVCPCTFE OPC X 28,GLAXOSMITHKLINE BRASIL LTDA,"Câncer de ovário avançado, Câncer das trompas de Falópio, Câncer peritoneal primário",L1K - ANTINEOPLÁSICOS LIDOMIDA,Inibidor da PARP (poli ADP-ribose polimerase) - impede o reparo do DNA tumoral,ORAL,CAPSULA DURA,504.0,0.0,0.0,219617.4000000001,435.74880952380977,42,18301.450000000008,0,1.0,
NIRAPARIBE,ZEJULA,ZEJULA 100 MG CAP DURA CT BL AL PLAS PVCPCTFE OPC X 56,GLAXOSMITHKLINE BRASIL LTDA,"Câncer de ovário avançado, Câncer das trompas de Falópio, Câncer peritoneal primário",L1K - ANTINEOPLÁSICOS LIDOMIDA,Inibidor da PARP (poli ADP-ribose polimerase) - impede o reparo do DNA tumoral,ORAL,CAPSULA DURA,3136.0,0.0,0.0,1354436.92,431.8995280612245,261.3333333333333,112869.74333333333,0,1.0,
PONATINIBE,ICLUSIG,ICLUSIG 15 MG COM REV FR PLAS PEAD OPC X 30,PINT PHARMA PRODUTOS MEDICO-HOSPITALARES E FARMACEUTICOS LTDA,"Leucemia Mieloide Crônica (LMC), Leucemia Linfoblástica Aguda (LLA) Ph+","L1H1 - INIBIDORES PREOTEÍNA KINASE ANTINEOPLÁSICOS, BCR-ABL","Inibidor da tirosina quinase BCR-ABL1, bloqueando a proliferação e induzindo morte celular - especialmente eficaz contra a mutação T315l",ORAL,COMPRIMIDO REVESTIDO,1830.0,0.0,0.0,732245.8200000005,400.1343278688527,152.5,61020.485000000044,0,1.0,
VENETOCLAX,VENCLEXTA,VENCLEXTA 100 MG COM REV CT FR PLAS OPC X 120,ABBVIE FARMACEUTICA LTDA.,"Leucemia linfocítica crônica (LLC), leucemia mieloide aguda (LMA)",L1X9 - TODOS OS OUTROS ANTINEOPLÁSICOS,Antineoplásico inibidor da proteína BCL-3,ORAL,COMPRIMIDO REVESTIDO,12907.0,120.0,83.17,5060271.129999998,392.05633609669155,1075.5833333333333,421689.2608333332,0.00921163736854226,0.9907883626314578,
CRIZOTINIBE,XALKORI,XALKORI 250 MG CAP DUR CT FR PLAS OPC X 60,PFIZER BRASIL LTDA,Câncer de pulmão de células não pequenas ALK-positivo avançado ou metastático,"L1H3 - INIBIDORES PREOTEÍNA KINASE ANTINEOPLÁSICOS, ALK",Inibidor competitivo de ATP através das quinases do linfoma anapl ALK,ORAL,CAPSULA GELATINOSA DURA,300.0,0.0,0.0,112839.0,376.13,25,9403.25,0,1.0,
CRIZOTINIBE,XALKORI,XALKORI 250 MG CAP DUR CT BL AL PLAS TRANS X 60,PFIZER BRASIL LTDA,Câncer de pulmão de células não pequenas ALK-positivo avançado ou metastático,"L1H3 - INIBIDORES PREOTEÍNA KINASE ANTINEOPLÁSICOS, ALK","Inibidor competitivo de ATP, através das quinases do linfoma anaplásico (ALK), do receptor de tirosina quinase ROS1 e do receptor MET",ORAL,CAPSULA GELATINOSA DURA,600.0,0.0,0.0,218899.61,364.8326833333333,50,18241.634166666667,0,1.0,
OLAPARIBE,LYNPARZA,LYNPARZA CONVENIO 13221 150 MG CT BL AL AL X ,ASTRAZENECA DO BRASIL LTDA,"Câncer de ovário avançado (incluindo trompa de Falópio ou peritoneal primário) com mutação no gene BRCA, Câncer de mama metastático HER2 negativo com mutação germinativa no gene BRCA, Câncer de pâncreas metastático com mutação germinativa no gene BRCA, Câncer de próstata metastático resistente à castração",L1K - ANTINEOPLÁSICOS LIDOMIDA,Inibidor da PARP (poli ADP-ribose polimerase) - impede o reparo do DNA tumoral,ORAL,COMPRIMIDO REVESTIDO,224.0,224.0,0.18,80866.06,361.00919642857144,18.666666666666668,6738.838333333333,0.5,0.5,
RUXOLITINIBE,JAKAVI,JAKAVI 10 MG COM CT BL AL PLAS PVCPCTFE TRANS X 60,NOVARTIS BIOCIENCIAS S.A,"Mielofibrose, policitemia vera, Doença do Enxerto Contra o Hospedeiro (DECH)",L1H9 - OUTROS ANTINEOPLÁSICOS INIBIDORES DA PROTEÍNA KINASE,Antineoplásico inibidor da Janus quinase (JAK1 e JAK 2),ORAL,COMPRIMIDO SIMPLES,3660.0,0.0,0.0,1299125.33,354.95227595628415,305,108260.44416666667,0,1.0,
LENVATINIBE,LENVIMA,LENVIMA 10 MG CAP DURA CT BL AL AL X 30,UNITED MEDICAL LTDA,"Câncer de tireoide (ubtipos papilífero, folicular ou de células de Hürthle - não respondentes à iodoterapia), Carcinoma de células renais avançado, Carcinoma hepatocelular",L1H9 - OUTROS ANTINEOPLÁSICOS INIBIDORES DA PROTEÍNA KINASE,"Inibidor seletivo de múltiplos receptores de tirosina quinase (RTK) de caráter antiangiogênico - bloqueia as atividades dos receptores do fator de crescimento endotelial vascular (VEGFR1, VEGFR2 e VEGFR3), do fator de crescimento de fibroblastos (FGFR1, FGFR2, FGFR3 e FGFR4), do fator de crescimento derivado de plaquetas (PDGFRa), RET e c-KIT",ORAL,CAPSULA DURA,3600.0,0.0,0.0,1252965.78,348.04605,300,104413.815,0,1.0,
RUXOLITINIBE,JAKAVI,JAKAVI CONVENIO 13221 5 MG BL AL PLAS X 60 CPR,NOVARTIS BIOCIENCIAS S.A,"Mielofibrose, policitemia vera, Doença do Enxerto Contra o Hospedeiro (DECH)",L1H9 - OUTROS ANTINEOPLÁSICOS INIBIDORES DA PROTEÍNA KINASE,Antineoplásico inibidor da Janus quinase (JAK1 e JAK 2),ORAL,COMPRIMIDO SIMPLES,120.0,120.0,0.2,41201.8,343.34833333333336,10,3433.4833333333336,0.5,0.5,
PALBOCICLIBE,IBRANCE,IBRANCE 100 MG CAP DURA CT FR PLAS OPC X 21,PFIZER BRASIL LTDA,Câncer de mama avançado com receptores hormonais positivos HER2-negativos,"L1H5 - INIBIDORES PREOTEÍNA KINASE ANTINEOPLÁSICOS, CDK 4/7",Inibidor seletivo das quinases dependentes de ciclina 4 e 6 (CDK4/6),ORAL,CAPSULA,1302.0,0.0,17116.89,446910.3400000004,343.2491090629803,108.5,37242.528333333365,0,1.0,
ALPELISIBE,PIQRAY,PIQRAY 150 MG COM REV CT BL AL PLAS PVCPCTFE TRANS X 56,NOVARTIS BIOCIENCIAS S.A,Câncer de mama avançado ou metastático com receptores hormonais positivos (HER2-negativo),L1H9 - OUTROS ANTINEOPLÁSICOS INIBIDORES DA PROTEÍNA KINASE,Inibidor da fosfatidilinositol-3-quinase (PI3K),ORAL,COMPRIMIDO REVESTIDO,504.0,0.0,0.0,171973.8,341.2178571428571,42,14331.15,0,1.0,
ZANUBRUTINIBE,BRUKINSA,BRUKINSA 80 MG CAP DURA CT FR PLAS PEAD OPC X 120,BEONE MEDICINES BRASIL LTDA,"Linfoma de células do manto (LCM), Leucemia linfocítica crônica (LLC), Linfoma linfocítico de pequenas células (LLPC), Linfoma da Zona Marginal (LZM), Macroglobulinemia de Waldenstrom (MW)","L1H6 - ANTINEOPLÁSICOS INIBIDORES DA PROTEÍNA QUINASE, BTK",Inibidor seletivo da tirosina quinase de Bruton (BTK),ORAL,CAPSULA DURA,2280.0,0.0,0.0,761397.39,333.9462236842105,190,63449.7825,0,1.0,
ERLOTINIBE,TARCEVA,TARCEVA 150 MG COM REV CT BL AL PVC X 30,PRODUTOS ROCHE QUIMICOS E FARMACEUTICOS S.A.,"Câncer de pulmão de não pequenas células (CPNPC) com mutação EGFR, Câncer pancreático (em combinação com a Gencitabina)","L1H2 - INIBIDORES PREOTEÍNA KINASE ANTINEOPLÁSICOS, EGFR",Inibidor específico do receptor do fator de crescimento epidérmico (EGFR),ORAL,COMPRIMIDO,60.0,0.0,0.0,19279.36,321.3226666666667,5,1606.6133333333335,0,1.0,
RIBOCICLIBE,KISQALI,KISQALI CONVENIO 13221 200 MG CT BL ALPLAS IN,NOVARTIS BIOCIENCIAS S.A,Câncer de mama avançado com receptores hormonais positivos HER2-negativos,"L1H5 - INIBIDORES PREOTEÍNA KINASE ANTINEOPLÁSICOS, CDK 4/8",Inibidor seletivo das quinases dependentes de ciclina 4 e 6 (CDK4/6),ORAL,COMPRIMIDO REVESTIDO,63.0,63.0,0.12,20095.62,318.97809523809525,5.25,1674.635,0.5,0.5,
DASATINIBE,SPRYCEL,DASATINIBE MONOIDRATADO 100 MG COM REV CT FR PLAS PEAD OPC X 30,BRISTOL-MYERS SQUIBB FARMACEUTICA LTDA,"Leucemia mieloide crônica (LMC), Leucemia linfoblástica aguda (LLA) Ph+","L1H1 - INIBIDORES PREOTEÍNA KINASE ANTINEOPLÁSICOS, BCR-ABL",Inibidor da tirosina quinase ABL/BCR-ABL4,ORAL,COMPRIMIDO REVESTIDO,1560.0,0.0,0.0,474371.7999999995,304.08448717948687,130,39530.98333333329,0,1.0,
VANDETANIBE,CAPRELSA,CAPRELSA 100 MG COM REV CT BL AL PLAS TRANS X 30,SANOFI MEDLEY FARMACEUTICA LTDA,Carcinoma medular de tireoide,L1H9 - OUTROS ANTINEOPLÁSICOS INIBIDORES DA PROTEÍNA KINASE,"Antineoplásico inibidor da tirosina quinase (VEGFR, EGFR e RET)",ORAL,COMPRIMIDO REVESTIDO,360.0,0.0,0.0,107998.32,299.99533333333335,30,8999.86,0,1.0,
ABEMACICLIBE,VERZENIOS,VERZENIOS 150 MG COM REV CT BL AL AL X 30,ELI LILLY DO BRASIL LTDA,Câncer de mama avançado ou metastático com receptores hormonais positivos,L1H - INIBIDORES DE PROTEINA QUINASE,Inibidor seletivo das quinases dependentes de ciclina 4 e 6 (CDK4/6),ORAL,COMPRIMIDO REVESTIDO,1230.0,0.0,3.14,367433.0100000001,298.726024390244,102.5,30619.41750000001,0,1.0,
DABRAFENIBE,TAFINLAR,TAFINLAR 75 MG CAP DURA CT FR PLAS OPC X 120,NOVARTIS BIOCIENCIAS S.A,"Melanoma, Câncer de pulmão de não pequenas células (CPNPC), outros tumores sólidos - todos com mutação no gene BRAF V601","L1H4 - INIBIDORES PREOTEÍNA KINASE ANTINEOPLÁSICOS, BRAF/MEK",Inibidor da proteína quinase BRAF (especialmente a V600),ORAL,CAPSULA,14520.0,0.0,0.0,4270584.78,294.1174090909091,1210,355882.065,0,1.0,
TIPIRACILA+TRIFLURIDINA,LONSURF,LONSURF (200 819) MG COM REV CT BL AL AL X 20,LABORATORIOS SERVIER DO BRASIL LTDA,Tratamento de neoplasias malignas,L1B - AGENTES ANTINEOPLÁSICOS ANTIMETABÓLITOS,"Medicamento com 2 princípios ativos: Trifluridina (inibidor metabólico de nucleosídeos, que interfere com a função do DNA das células cancerosas) e Tipiracila (inibidor da timidina fosforilase, que aumenta a concentração e a exposição da trifluridina, potencializando seu efeito)",ORAL,COMPRIMIDO REVESTIDO,6640.0,0.0,0.0,1897749.6,285.8056626506024,553.3333333333334,158145.80000000002,0,1.0,
ERLOTINIBE,TARCEVA,TARCEVA 100 MG COM REV CT BL AL PVC X 30,PRODUTOS ROCHE QUIMICOS E FARMACEUTICOS S.A.,"Câncer de pulmão de não pequenas células (CPNPC) com mutação EGFR, Câncer pancreático (em combinação com a Gencitabina)","L1H2 - INIBIDORES PREOTEÍNA KINASE ANTINEOPLÁSICOS, EGFR",Inibidor específico do receptor do fator de crescimento epidérmico (EGFR),ORAL,COMPRIMIDO,90.0,0.0,0.0,25059.81,278.44233333333335,7.5,2088.3175,0,1.0,
ABEMACICLIBE,VERZENIOS,VERZENIOS 150 MG COM REV CT BL AL AL X 60,ELI LILLY DO BRASIL LTDA,Câncer de mama avançado ou metastático com receptores hormonais positivos,L1H - INIBIDORES DE PROTEINA QUINASE,Inibidor seletivo das quinases dependentes de ciclina 4 e 6 (CDK4/6),ORAL,COMPRIMIDO REVESTIDO,45060.0,0.0,277.07,12494979.44000008,277.2964811362645,3755,1041248.2866666733,0,1.0,
NINTEDANIBE,OFEV,OFEV 150 MG CAP MOLE CT BL AL AL X 60,BOEHRINGER INGELHEIM DO BRASIL QUIMICA E FARMACEUTICA LTDA,"Doença Pulmonar Intersticial (DPI), Câncer de pulmão de não pequenas células (CPNPC)",R7D - PRODUTOS DE FIBROSE PULMONAR IDIOPÁTICA,"Inibidor da proteína tirosina quinase, atuando como um inibidor triplo de quinase, incluindo os receptores PDGFR, FGFR e VEGFR - inibe a proliferação, migração e transformação de fibroblastos e a proliferação e sobrevivência de células endoteliais, retardando a progressão de doenças fibróticas e controlando o crescimento tumoral",ORAL,CAPSULA,4980.0,0.0,0.0,1347420.569999999,270.5663795180721,415,112285.04749999991,0,1.0,
OLAPARIBE,LYNPARZA,LYNPARZA COMPRIMIDOS 150 MG COM REV CT BL AL AL X 56,ASTRAZENECA DO BRASIL LTDA,"Câncer de ovário avançado (incluindo trompa de Falópio ou peritoneal primário) com mutação no gene BRCA, Câncer de mama metastático HER2 negativo com mutação germinativa no gene BRCA, Câncer de pâncreas metastático com mutação germinativa no gene BRCA, Câncer de próstata metastático resistente à castração",L1K - ANTINEOPLÁSICOS LIDOMIDA,Inibidor da PARP (poli ADP-ribose polimerase) - impede o reparo do DNA tumoral,ORAL,COMPRIMIDO REVESTIDO,19880.0,0.0,0.0,5260791.359999985,264.627331991951,1656.6666666666667,438399.2799999988,0,1.0,
OLAPARIBE,LYNPARZA,LYNPARZA COMPRIMIDOS 100 MG COM REV CT BL AL AL X 56,ASTRAZENECA DO BRASIL LTDA,"Câncer de ovário avançado (incluindo trompa de Falópio ou peritoneal primário) com mutação no gene BRCA, Câncer de mama metastático HER2 negativo com mutação germinativa no gene BRCA, Câncer de pâncreas metastático com mutação germinativa no gene BRCA, Câncer de próstata metastático resistente à castração",L1K - ANTINEOPLÁSICOS LIDOMIDA,Inibidor da PARP (poli ADP-ribose polimerase) - impede o reparo do DNA tumoral,ORAL,COMPRIMIDO REVESTIDO,2408.0,0.0,0.0,636840.0600000004,264.4684634551497,200.66666666666666,53070.005000000034,0,1.0,
SUNITINIBE,SUTENT,SUTENT 25 MG CAP DURA CT FR PLAS OPC X 28,PFIZER BRASIL LTDA,"Tumor estromal gastrintestinal (GIST), Tumores neuroendócrinos pancreáticos (PNET), Carcinoma de células renais (CCR) avançado e/ou metastático",L1H9 - OUTROS ANTINEOPLÁSICOS INIBIDORES DA PROTEÍNA KINASE,"Inibidor de múltiplas proteínas quinases, incluindo os receptores do fator de crescimento endotelial vascular (VEGFR) e o c-KIT",ORAL,CAPSULA DURA,168.0,0.0,7477.92,44403.88,264.3088095238095,14,3700.3233333333333,0,1.0,
RIBOCICLIBE,KISQALI,KISQALI 200 MGDOSE COM REV CT BL AL PLAS TRANS X 63,NOVARTIS BIOCIENCIAS S.A,Câncer de mama avançado com receptores hormonais positivos HER2-negativos,"L1H5 - INIBIDORES PREOTEÍNA KINASE ANTINEOPLÁSICOS, CDK 4/7",Inibidor seletivo das quinases dependentes de ciclina 4 e 6 (CDK4/6),ORAL,COMPRIMIDO REVESTIDO,34713.0,0.0,0.0,9174894.120000014,264.3071506352091,2892.75,764574.5100000012,0,1.0,
RIBOCICLIBE,KISQALI,KISQALI 200 MGDOSE COM REV CT BL AL PLAS TRANS X 42,NOVARTIS BIOCIENCIAS S.A,Câncer de mama avançado com receptores hormonais positivos HER2-negativos,"L1H5 - INIBIDORES PREOTEÍNA KINASE ANTINEOPLÁSICOS, CDK 4/6",Inibidor seletivo das quinases dependentes de ciclina 4 e 6 (CDK4/6),ORAL,COMPRIMIDO REVESTIDO,2562.0,0.0,0.0,674477.9400000001,263.2622716627635,213.5,56206.495,0,1.0,
LORLATINIBE,LORBRENA,LORBRENA 25 MG COM REV CT FR PLAS PEAD OPC X 90,PFIZER BRASIL LTDA,Câncer de pulmão de células não pequenas ALK-positivo avançado ou metastático,"L1H3 - INIBIDORES PREOTEÍNA KINASE ANTINEOPLÁSICOS, ALK",Inibidor competitivo de ATP através das quinases do linfoma anapl ALK,ORAL,COMPRIMIDO REVESTIDO,1440.0,0.0,0.0,375957.34,261.08148611111113,120,31329.778333333335,0,1.0,
TEMOZOLOMIDA,TEMODAL,TEMOZOLOMIDA 140 MG CAP DURA CT FR VD AMB X 5,MERCK SHARP & DOHME FARMACEUTICA LTDA,"Glioblastoma multiforme, Glioma maligno, Melanoma metastático",L1A - AGENTES ANTINEOPLÁSICOS ALQUILANTES,Agente antineoplásico alquilante pró-fármaco que forma o composto ativo MTIC (monometil-triaceno-imidazol-carboxamida) que é citotóxico,ORAL,CAPSULA,55.0,0.0,0.0,14253.37,259.1521818181818,4.583333333333333,1187.7808333333335,0,1.0,
TEMOZOLOMIDA,TEMODAL,TEMOZOLOMIDA 250 MG CAP DURA CT FR VD AMB X 5,MERCK SHARP & DOHME FARMACEUTICA LTDA,"Glioblastoma multiforme, Glioma maligno, Melanoma metastático",L1A - AGENTES ANTINEOPLÁSICOS ALQUILANTES,Agente antineoplásico alquilante pró-fármaco que forma o composto ativo MTIC (monometil-triaceno-imidazol-carboxamida) que é citotóxico,ORAL,CAPSULA,10.0,0.0,0.0,2591.16,259.116,0.8333333333333334,215.92999999999998,0,1.0,
AXITINIBE,INLYTA,INLYTA 5 MG COM REV CT FR PLAS OPC X 60,PFIZER BRASIL LTDA,Carcinoma de células renais (CCR) avançado,L1H9 - OUTROS ANTINEOPLÁSICOS INIBIDORES DA PROTEÍNA KINASE,"inibidor potente e seletivo das tirosina quinases dos receptores do fator de crescimento endotelial vascular (VEGFR-1, VEGFR-2 e VEGFR-3)",ORAL,COMPRIMIDO REVESTIDO,1740.0,0.0,12206.94,443345.61,254.7963275862069,145,36945.4675,0,1.0,
RUXOLITINIBE,JAKAVI,JAKAVI 5 MG COM CT BL AL PLAS TRANS X 60,NOVARTIS BIOCIENCIAS S.A,"Mielofibrose, policitemia vera, Doença do Enxerto Contra o Hospedeiro (DECH)",L1H9 - OUTROS ANTINEOPLÁSICOS INIBIDORES DA PROTEÍNA KINASE,Antineoplásico inibidor da Janus quinase (JAK1 e JAK 2),ORAL,COMPRIMIDO SIMPLES,1620.0,0.0,0.0,402787.0500000001,248.63398148148156,135,33565.58750000001,0,1.0,
EVEROLIMO,AFINITOR,AFINITOR 5 MG COM CT BL ALAL X 30,NOVARTIS BIOCIENCIAS S.A,"Câncer de mama avançado, Tumores neuroendócrinos (NET), Câncer de rim (carcinoma de células renais - CCR), Astrocitoma subependimário de células gigantes (SEGA), Angiomiolipoma renal",L1H9 - OUTROS ANTINEOPLÁSICOS INIBIDORES DA PROTEÍNA KINASE,"Inibidor da mTOR (alvo da rapamicina em mamíferos), uma proteína que atua como reguladora central do crescimento",ORAL,COMPRIMIDO SIMPLES,360.0,0.0,0.0,86973.92,241.59422222222221,30,7247.826666666667,0,1.0,
VENETOCLAX,VENCLEXTA,VENCLEXTA 100 MG COM REV CX BL AL PLAS TRANS X 14 100 MG COM REV CX BL AL PLAS TRANS X 7 10 MG COM REV CX BL AL PLAS TRANS X 14 50 MG COM REV CX,ABBVIE FARMACEUTICA LTDA.,"Leucemia linfocítica crônica (LLC), leucemia mieloide aguda (LMA)",L1X9 - TODOS OS OUTROS ANTINEOPLÁSICOS,Antineoplásico inibidor da proteína BCL-4,ORAL,COMPRIMIDO REVESTIDO,294.0,0.0,0.0,69461.47,236.26350340136054,24.5,5788.455833333333,0,1.0,
ABEMACICLIBE,VERZENIOS,VERZENIOS CONVENIO 13221 100 MG CT BL AL AL X,ELI LILLY DO BRASIL LTDA,Câncer de mama avançado ou metastático com receptores hormonais positivos,L1H - INIBIDORES DE PROTEINA QUINASE,Inibidor seletivo das quinases dependentes de ciclina 4 e 6 (CDK4/6),ORAL,COMPRIMIDO REVESTIDO,60.0,60.0,0.29,13380.91,223.01516666666666,5,1115.0758333333333,0.5,0.5,
PALBOCICLIBE,IBRANCE,IBRANCE 75 MG CAP DURA CT FR PLAS OPC X 21,PFIZER BRASIL LTDA,Câncer de mama avançado com receptores hormonais positivos HER2-negativos,"L1H5 - INIBIDORES PREOTEÍNA KINASE ANTINEOPLÁSICOS, CDK 4/9",Inibidor seletivo das quinases dependentes de ciclina 4 e 6 (CDK4/6),ORAL,CAPSULA,168.0,0.0,0.0,37136.67,221.05160714285714,14,3094.7225,0,1.0,
EVEROLIMO,CERTICAN,EVEROLIMO 10 MG COM CT BL AL PLAS PVC TRANS X 28,NOVARTIS BIOCIENCIAS S.A,"Câncer de mama avançado, Tumores neuroendócrinos (NET), Câncer de rim (carcinoma de células renais - CCR), Astrocitoma subependimário de células gigantes (SEGA), Angiomiolipoma renal",L1H9 - OUTROS ANTINEOPLÁSICOS INIBIDORES DA PROTEÍNA KINASE,"Inibidor da mTOR (alvo da rapamicina em mamíferos), uma proteína que atua como reguladora central do crescimento",ORAL,COMPRIMIDO,2016.0,0.0,0.0,423694.0200000002,210.16568452380963,168,35307.835000000014,0,1.0,
VENETOCLAX,VENCLEXTA,VENCLEXTA 50 MG COM REV CT BL AL PLAS TRANS X 7,ABBVIE FARMACEUTICA LTDA.,"Leucemia linfocítica crônica (LLC), leucemia mieloide aguda (LMA)",L1X9 - TODOS OS OUTROS ANTINEOPLÁSICOS,Antineoplásico inibidor da proteína BCL-6,ORAL,COMPRIMIDO REVESTIDO,7.0,0.0,0.0,1466.22,209.46,0.5833333333333334,122.185,0,1.0,
TIPIRACILA+TRIFLURIDINA,LONSURF,LONSURF (150 614) MG COM REV CT BL AL AL X 20,LABORATORIOS SERVIER DO BRASIL LTDA,Tratamento de neoplasias malignas,L1B - AGENTES ANTINEOPLÁSICOS ANTIMETABÓLITOS,"Medicamento com 2 princípios ativos: Trifluridina (inibidor metabólico de nucleosídeos, que interfere com a função do DNA das células cancerosas) e Tipiracila (inibidor da timidina fosforilase, que aumenta a concentração e a exposição da trifluridina, potencializando seu efeito)",ORAL,COMPRIMIDO REVESTIDO,3100.0,0.0,0.0,647821.1099999998,208.97455161290316,258.3333333333333,53985.09249999998,0,1.0,
NINTEDANIBE,NIDHI,NIDHI 150 MG CAP MOLE CT BL AL AL X 60,SUN FARMACEUTICA DO BRASIL LTDA,"Doença Pulmonar Intersticial (DPI), Câncer de pulmão de não pequenas células (CPNPC)",R7D - PRODUTOS DE FIBROSE PULMONAR IDIOPÁTICA,"Inibidor da proteína tirosina quinase, atuando como um inibidor triplo de quinase, incluindo os receptores PDGFR, FGFR e VEGFR - inibe a proliferação, migração e transformação de fibroblastos e a proliferação e sobrevivência de células endoteliais, retardando a progressão de doenças fibróticas e controlando o crescimento tumoral",ORAL,CAPSULA MOLE,600.0,0.0,0.0,125000.0,208.33333333333334,50,10416.666666666666,0,1.0,
ABIRATERONA,ZYTIGA,ZYTIGA 500 MG COM REV CT FR PLAS OPC X 60,JANSSEN-CILAG FARMACEUTICA LTDA,Câncer de próstata metastático resistente à castração,L2B2 - HORMÔNIOS ANTIANDROGÊNICOS CITOSTÁTICOS,Inibidor seletivo da enzima CYP18,ORAL,COMPRIMIDO SIMPLES,360.0,0.0,0.0,72903.51,202.50975,30,6075.2925,0,1.0,
DABRAFENIBE,TAFINLAR,TAFINLAR 50 MG CAP DURA CT FR PLAS OPC X 120,NOVARTIS BIOCIENCIAS S.A,"Melanoma, Câncer de pulmão de não pequenas células (CPNPC), outros tumores sólidos - todos com mutação no gene BRAF V600","L1H4 - INIBIDORES PREOTEÍNA KINASE ANTINEOPLÁSICOS, BRAF/MEK",Inibidor da proteína quinase BRAF (especialmente a V600),ORAL,CAPSULA,480.0,0.0,0.0,96068.68,200.14308333333332,40,8005.723333333332,0,1.0,
TEMOZOLOMIDA,TEMODAL,TEMOZOLOMIDA 250 MG CAP GEL DURA CT FR VD AMB X 5,MERCK SHARP & DOHME FARMACEUTICA LTDA,"Glioblastoma multiforme, Glioma maligno, Melanoma metastático",L1A - AGENTES ANTINEOPLÁSICOS ALQUILANTES,Agente antineoplásico alquilante pró-fármaco que forma o composto ativo MTIC (monometil-triaceno-imidazol-carboxamida) que é citotóxico,ORAL,CAPSULA,340.0,0.0,0.0,67773.05,199.3325,28.333333333333332,5647.754166666667,0,1.0,
ABEMACICLIBE,VERZENIOS,VERZENIOS 100 MG COM REV CT BL AL AL X 30,ELI LILLY DO BRASIL LTDA,Câncer de mama avançado ou metastático com receptores hormonais positivos,L1H - INIBIDORES DE PROTEINA QUINASE,Inibidor seletivo das quinases dependentes de ciclina 4 e 6 (CDK4/6),ORAL,COMPRIMIDO REVESTIDO,14490.0,0.0,5801.25,2857161.650000002,197.18161835748805,1207.5,238096.8041666668,0,1.0,
PAZOPANIBE,VOTRIENT,VOTRIENT 400 MG COM REV CT FR PLAS OPC X 60,NOVARTIS BIOCIENCIAS S.A,"Carcinoma renal avançado ou metastático, sarcoma de partes moles avançado",L1H9 - OUTROS ANTINEOPLÁSICOS INIBIDORES DA PROTEÍNA KINASE,"Inibidor da atividade de múltiplas proteínas quinases, incluindo os receptores 1, 2 e 3 do fator de crescimento endotelial vascular (VEGFR), os receptores alfa e beta do fator de crescimento derivado de plaquetas (PDGFR) e o c-kit",ORAL,COMPRIMIDO,660.0,0.0,0.0,129914.74,196.84051515151515,55,10826.228333333334,0,1.0,
TEMOZOLOMIDA,TEMODAL,TEMOZOLOMIDA 180 MG CAP DURA CT FR VD AMB X 5,MERCK SHARP & DOHME FARMACEUTICA LTDA,"Glioblastoma multiforme, Glioma maligno, Melanoma metastático",L1A - AGENTES ANTINEOPLÁSICOS ALQUILANTES,Agente antineoplásico alquilante pró-fármaco que forma o composto ativo MTIC (monometil-triaceno-imidazol-carboxamida) que é citotóxico,ORAL,CAPSULA,175.0,0.0,0.0,34033.95,194.47971428571427,14.583333333333334,2836.1625,0,1.0,
ENZALUTAMIDA,XTANDI,XTANDI 80 MG COM REV CT BL AL PLAS PVCPCTFE TRANS X 56,ASTELLAS FARMA BRASIL IMPORTACAO E DISTRIBUICAO DE MEDICAMENTOS LTDA,"Câncer de próstata metastático resistente à castração (CPRCm), Câncer de próstata não metastático resistente à castração (CPRCnm), Câncer de próstata metastático sensível à castração (CPSCm)",L2B2 - HORMÔNIOS ANTIANDROGÊNICOS CITOSTÁTICOS,Bloqueador da atividade dos andrógenos (como a testosterona),ORAL,CAPSULA GELATINOSA MOLE,3304.0,0.0,0.0,638188.1699999992,193.1562257869247,275.3333333333333,53182.34749999994,0,1.0,
PAZOPANIBE,VOTRIENT,VOTRIENT 400 MG COM REV CT FR PLAS OPC X 30,NOVARTIS BIOCIENCIAS S.A,"Carcinoma renal avançado ou metastático, sarcoma de partes moles avançado",L1H9 - OUTROS ANTINEOPLÁSICOS INIBIDORES DA PROTEÍNA KINASE,"Inibidor da atividade de múltiplas proteínas quinases, incluindo os receptores 1, 2 e 3 do fator de crescimento endotelial vascular (VEGFR), os receptores alfa e beta do fator de crescimento derivado de plaquetas (PDGFR) e o c-kit",ORAL,COMPRIMIDO,60.0,0.0,0.0,11466.73,191.11216666666667,5,955.5608333333333,0,1.0,
BARICITINIBE,OLUMIANT,OLUMIANT 4 MG COM REV CT BL AL AL X 30,ELI LILLY DO BRASIL LTDA,"Artrite reumatoide, Dermatite atópica, Alopecia areata, COVID-19 em adultos hospitalizados que necessitam de oxigênio suplementar",L4X - OUTROS IMUNOSSUPRESSORES,Inibidor seletivo das enzimas Janus Quinase (JAK1 e JAK2),ORAL,COMPRIMIDO REVESTIDO,300.0,0.0,0.0,57213.93000000001,190.71310000000003,25,4767.8275,0,1.0,
VEMURAFENIBE,ZELBORAF,ZELBORAF 240 MG COM REV CT BL AL AL X 56,PRODUTOS ROCHE QUIMICOS E FARMACEUTICOS S.A.,Melanoma metastático ou irressecável com mutação BRAF V600E,"L1H4 - INIBIDORES PREOTEÍNA KINASE ANTINEOPLÁSICOS, BRAF/MEK","Inibidor da proteína quinase BRAF (especialmente a V600), que é componente da via de sinalização MAPK",ORAL,COMPRIMIDO REVESTIDO,168.0,0.0,0.0,29946.87,178.25517857142856,14,2495.5724999999998,0,1.0,
EVEROLIMO,EXHER,EXHER 5 MG COM CT BL AL PLAS PVC TRANS X 28,NATCOFARMA DO BRASIL LTDA,"Câncer de mama avançado, Tumores neuroendócrinos (NET), Câncer de rim (carcinoma de células renais - CCR), Astrocitoma subependimário de células gigantes (SEGA), Angiomiolipoma renal",L1H9 - OUTROS ANTINEOPLÁSICOS INIBIDORES DA PROTEÍNA KINASE,"Inibidor da mTOR (alvo da rapamicina em mamíferos), uma proteína que atua como reguladora central do crescimento",ORAL,COMPRIMIDO,28.0,0.0,0.0,4651.64,166.13000000000002,2.3333333333333335,387.6366666666667,0,1.0,
REGORAFENIBE,STIVARGA,STIVARGA 40 MG COM REV CT FR PLAS OPC X 84,BAYER S.A.,"Tumores estromais gastrintestinais (GIST), Carcinoma colorretal metastático (CCR), Carcinoma hepatocelular (CHC)",L1H9 - OUTROS ANTINEOPLÁSICOS INIBIDORES DA PROTEÍNA KINASE,"Antineoplásico inibidor da proteína quinase envolvidas na angiogênese e oncogênese (VEGFR 1-3, TIE2, RAF, KIT e PDGFR)",ORAL,COMPRIMIDO REVESTIDO,4872.0,0.0,0.0,790278.3099999994,162.20819170771745,406,65856.52583333327,0,1.0,
ENZALUTAMIDA,XTANDI,XTANDI 40MG CAP MOLE BOLS AL BL AL PLAS TRANS X 120,ASTELLAS FARMA BRASIL IMPORTACAO E DISTRIBUICAO DE MEDICAMENTOS LTDA,"Câncer de próstata metastático resistente à castração (CPRCm), Câncer de próstata não metastático resistente à castração (CPRCnm), Câncer de próstata metastático sensível à castração (CPSCm)",L2B2 - HORMÔNIOS ANTIANDROGÊNICOS CITOSTÁTICOS,Bloqueador da atividade dos andrógenos (como a testosterona),ORAL,CAPSULA GELATINOSA MOLE,112.0,0.0,0.0,17604.72,157.185,9.333333333333334,1467.0600000000002,0,1.0,
NILOTINIBE,TASIGNA,TASIGNA 200 MG CAP DURA CT BL AL PLAS PVCPVDC TRANS X 112,NOVARTIS BIOCIENCIAS S.A,Leucemia mieloide crônica (LMC) Ph+,"L1H1 - INIBIDORES PREOTEÍNA KINASE ANTINEOPLÁSICOS, BCR-ABL","Inibidor da tirosina quinase BCR-ABL, bloqueando a proliferação e induzindo morte celular",ORAL,CAPSULA GELATINOSA DURA,13776.0,0.0,0.0,2051852.420000004,148.94399099883884,1148,170987.70166666698,0,1.0,
LENVATINIBE,LENVIMA,LENVIMA 4 MG CAP DURA CT BL AL AL X 30,UNITED MEDICAL LTDA,"Câncer de tireoide (ubtipos papilífero, folicular ou de células de Hürthle - não respondentes à iodoterapia), Carcinoma de células renais avançado, Carcinoma hepatocelular",L1H9 - OUTROS ANTINEOPLÁSICOS INIBIDORES DA PROTEÍNA KINASE,"Inibidor seletivo de múltiplos receptores de tirosina quinase (RTK) de caráter antiangiogênico - bloqueia as atividades dos receptores do fator de crescimento endotelial vascular (VEGFR1, VEGFR2 e VEGFR3), do fator de crescimento de fibroblastos (FGFR1, FGFR2, FGFR3 e FGFR4), do fator de crescimento derivado de plaquetas (PDGFRa), RET e c-KIT",ORAL,CAPSULA DURA,3180.0,0.0,0.0,438178.08,137.79184905660378,265,36514.840000000004,0,1.0,
SUNITINIBE,SUTENT,SUTENT 125 MG CAP DURA CT FR PLAS OPC X 28,PFIZER BRASIL LTDA,"Tumor estromal gastrintestinal (GIST), Tumores neuroendócrinos pancreáticos (PNET), Carcinoma de células renais (CCR) avançado e/ou metastático",L1H9 - OUTROS ANTINEOPLÁSICOS INIBIDORES DA PROTEÍNA KINASE,"Inibidor de múltiplas proteínas quinases, incluindo os receptores do fator de crescimento endotelial vascular (VEGFR) e o c-KIT",ORAL,CAPSULA DURA,224.0,0.0,0.0,29449.2,131.46964285714287,18.666666666666668,2454.1,0,1.0,
TEMOZOLOMIDA,TEMODAL,TEMOZOLOMIDA 140 MG CAP GEL DURA CT FR VD AMB X 5,MERCK SHARP & DOHME FARMACEUTICA LTDA,"Glioblastoma multiforme, Glioma maligno, Melanoma metastático",L1A - AGENTES ANTINEOPLÁSICOS ALQUILANTES,Agente antineoplásico alquilante pró-fármaco que forma o composto ativo MTIC (monometil-triaceno-imidazol-carboxamida) que é citotóxico,ORAL,CAPSULA,755.0,0.0,0.0,98707.72,130.73870198675496,62.916666666666664,8225.643333333333,0,1.0,
NILOTINIBE,TASIGNA,TASIGNA 150 MG CAP DURA CT BL AL PLAS PVCPVDC TRANS X 120,TASIGNA 150 MG CAP DURA CT BL AL PLAS PVCPVDC TRANS X 120,Leucemia mieloide crônica (LMC) Ph+,"L1H1 - INIBIDORES PREOTEÍNA KINASE ANTINEOPLÁSICOS, BCR-ABL","Inibidor da tirosina quinase BCR-ABL, bloqueando a proliferação e induzindo morte celular",ORAL,CAPSULA GELATINOSA DURA,10680.0,0.0,0.0,1360466.570000002,127.38451029962565,890,113372.21416666683,0,1.0,
IMATINIBE,GLIVEC,GLIVEC 100 MG COM REV CT BL AL PVCPEPVDC X 60,NOVARTIS BIOCIENCIAS S.A,"Leucemia mieloide crônica (LMC) Ph+, Leucemia Linfoblástica Aguda (LLA) Ph+, Tumores estromais gastrointestinais (GIST), Fibrose sistêmica","L1H1 - INIBIDORES PREOTEÍNA KINASE ANTINEOPLÁSICOS, BCR-ABL","Inibidor da tirosina quinase BCR-ABL, bloqueando a proliferação e induzindo morte celular",ORAL,COMPRIMIDO REVESTIDO,1320.0,0.0,0.0,162891.44,123.40260606060606,110,13574.286666666667,0,1.0,
ALECTINIBE,ALECENSA,ALECENSA 150 MG CAP DURA CT BL AL AL X 224,PRODUTOS ROCHE QUIMICOS E FARMACEUTICOS S.A.,Câncer de pulmão de não pequenas células (CPNPC),L1H - INIBIDORES DE PROTEINA QUINASE,Inibidor da tirosina quinase ALK,ORAL,CAPSULA DURA,25984.0,0.0,0.0,3205674.650000009,123.37109952278361,2165.3333333333335,267139.55416666745,0,1.0,
EVEROLIMO,AFINITOR,AFINITOR 25 MG COM CT BL ALAL X 30,NOVARTIS BIOCIENCIAS S.A,"Câncer de mama avançado, Tumores neuroendócrinos (NET), Câncer de rim (carcinoma de células renais - CCR), Astrocitoma subependimário de células gigantes (SEGA), Angiomiolipoma renal",L1H9 - OUTROS ANTINEOPLÁSICOS INIBIDORES DA PROTEÍNA KINASE,"Inibidor da mTOR (alvo da rapamicina em mamíferos), uma proteína que atua como reguladora central do crescimento",ORAL,COMPRIMIDO SIMPLES,30.0,0.0,0.0,3614.03,120.46766666666667,2.5,301.1691666666667,0,1.0,
NINTEDANIBE,OFEV,OFEV 100 MG CAP MOLE CT BL AL AL X 60,BOEHRINGER INGELHEIM DO BRASIL QUIMICA E FARMACEUTICA LTDA,"Doença Pulmonar Intersticial (DPI), Câncer de pulmão de não pequenas células (CPNPC)",R7D - PRODUTOS DE FIBROSE PULMONAR IDIOPÁTICA,"Inibidor da proteína tirosina quinase, atuando como um inibidor triplo de quinase, incluindo os receptores PDGFR, FGFR e VEGFR - inibe a proliferação, migração e transformação de fibroblastos e a proliferação e sobrevivência de células endoteliais, retardando a progressão de doenças fibróticas e controlando o crescimento tumoral",ORAL,CAPSULA,1830.0,0.0,0.0,211824.74,115.75122404371584,152.5,17652.061666666665,0,1.0,
ABIRATERONA,ZOSTIDE,ZOSTIDE CONVENIO 13221 250 MG X 120 CPRS,LIBBS FARMACEUTICA LTDA ,Câncer de próstata metastático resistente à castração,L2B2 - HORMÔNIOS ANTIANDROGÊNICOS CITOSTÁTICOS,Inibidor seletivo da enzima CYP17,ORAL,COMPRIMIDO SIMPLES,120.0,0.0,0.0,13876.8,115.64,10,1156.3999999999999,0,1.0,
AFATINIBE,GIOTRIF,GIOTRIF 40 MG COM REV CT ENVOL BL AL PLAS TRANS X 28,BOEHRINGER INGELHEIM DO BRASIL QUIMICA E FARMACEUTICA LTDA,Câncer de pulmão de células não pequenas com mutação EGFR,"L1H2 - INIBIDORES PREOTEÍNA KINASE ANTINEOPLÁSICOS, EGFR",Inibidor da tirosina quinase,ORAL,COMPRIMIDO,140.0,0.0,0.0,16155.53,115.39664285714287,11.666666666666666,1346.2941666666668,0,1.0,
DASATINIBE,SPRYCEL,SPRYCEL 20 MG COM REV CT FR PLAS OPC X 60,BRISTOL-MYERS SQUIBB FARMACEUTICA LTDA,"Leucemia mieloide crônica (LMC), Leucemia linfoblástica aguda (LLA) Ph+","L1H1 - INIBIDORES PREOTEÍNA KINASE ANTINEOPLÁSICOS, BCR-ABL",Inibidor da tirosina quinase ABL/BCR-ABL2,ORAL,COMPRIMIDO REVESTIDO,2760.0,0.0,0.0,304025.52,110.15417391304348,230,25335.460000000003,0,1.0,
ABIRATERONA,ZYTIGA,ZYTIGA 250 MG COM CT FR PLAS OPC X 120,JANSSEN-CILAG FARMACEUTICA LTDA,Câncer de próstata metastático resistente à castração,L2B2 - HORMÔNIOS ANTIANDROGÊNICOS CITOSTÁTICOS,Inibidor seletivo da enzima CYP21,ORAL,COMPRIMIDO SIMPLES,2280.0,0.0,0.0,237788.92,104.29338596491229,190,19815.743333333336,0,1.0,
EVEROLIMO,CERTICAN,EVEROLIMO 5 MG COM CT BL AL PLAS PVC TRANS X 28,NOVARTIS BIOCIENCIAS S.A,"Câncer de mama avançado, Tumores neuroendócrinos (NET), Câncer de rim (carcinoma de células renais - CCR), Astrocitoma subependimário de células gigantes (SEGA), Angiomiolipoma renal",L1H9 - OUTROS ANTINEOPLÁSICOS INIBIDORES DA PROTEÍNA KINASE,"Inibidor da mTOR (alvo da rapamicina em mamíferos), uma proteína que atua como reguladora central do crescimento",ORAL,COMPRIMIDO,1316.0,0.0,0.0,135402.3999999999,102.88936170212759,109.66666666666667,11283.533333333326,0,1.0,
APALUTAMIDA,ERLEADA,ERLEADA 60 MG COM REV CT FR PLAS OPC X 120,JANSSEN-CILAG FARMACEUTICA LTDA,"Câncer de próstata não metastático resistente à castração, Câncer de próstata metastático sensível à castração",L2B2 - HORMÔNIOS ANTIANDROGÊNICOS CITOSTÁTICOS,Inibidor seletivo do receptor de androgênio (AR),ORAL,COMPRIMIDO REVESTIDO,46320.0,0.0,0.0,4575345.500000021,98.77688903281566,3860,381278.79166666843,0,1.0,
ABEMACICLIBE,VERZENIOS,VERZENIOS 50 MG COM REV CT BL AL AL X 30,ELI LILLY DO BRASIL LTDA,Câncer de mama avançado ou metastático com receptores hormonais positivos,L1H - INIBIDORES DE PROTEINA QUINASE,Inibidor seletivo das quinases dependentes de ciclina 4 e 6 (CDK4/6),ORAL,COMPRIMIDO REVESTIDO,6120.0,0.0,0.0,604164.4600000003,98.719683006536,510,50347.03833333336,0,1.0,
SORAFENIBE,NEXAVAR,NEXAVAR 200 MG COM REV CT BL AL AL X 60,BAYER S.A.,"Carcinoma hepatocelular, carcinoma renal avançado, Carcinoma de tireoide progressivo",L1H9 - OUTROS ANTINEOPLÁSICOS INIBIDORES DA PROTEÍNA KINASE,"Inibidor multiquinase, interferindo em diversas vias de sinalização essenciais para o crescimento e a proliferação das células cancerígenas",ORAL,COMPRIMIDO,2880.0,0.0,0.0,283106.78,98.30096527777779,240,23592.23166666667,0,1.0,
ENZALUTAMIDA,XTANDI,XTANDI 40 MG COM REV CT BL AL PLAS PVCPCTFE TRANS X 112,ASTELLAS FARMA BRASIL IMPORTACAO E DISTRIBUICAO DE MEDICAMENTOS LTDA,"Câncer de próstata metastático resistente à castração (CPRCm), Câncer de próstata não metastático resistente à castração (CPRCnm), Câncer de próstata metastático sensível à castração (CPSCm)",L2B2 - HORMÔNIOS ANTIANDROGÊNICOS CITOSTÁTICOS,Bloqueador da atividade dos andrógenos (como a testosterona),ORAL,CAPSULA GELATINOSA MOLE,46032.0,0.0,0.0,4422850.950000033,96.0820939781029,3836,368570.9125000027,0,1.0,
PAZOPANIBE,VOTRIENT,VOTRIENT 200 MG COM REV CT FR PLAS OPC X 30,NOVARTIS BIOCIENCIAS S.A,"Carcinoma renal avançado ou metastático, sarcoma de partes moles avançado",L1H9 - OUTROS ANTINEOPLÁSICOS INIBIDORES DA PROTEÍNA KINASE,"Inibidor da atividade de múltiplas proteínas quinases, incluindo os receptores 1, 2 e 3 do fator de crescimento endotelial vascular (VEGFR), os receptores alfa e beta do fator de crescimento derivado de plaquetas (PDGFR) e o c-kit",ORAL,COMPRIMIDO,4110.0,0.0,0.0,386078.88,93.93646715328467,342.5,32173.24,0,1.0,
DAROLUTAMIDA,NUBEQA,NUBEQA 300 MG COM REV CT FR PLAS PEAD OPC X 120,BAYER S.A.,Câncer de próstata não metastático resistente à castração,L2B2 - HORMÔNIOS ANTIANDROGÊNICOS CITOSTÁTICOS,Inibidor do receptor de androgênios,ORAL,COMPRIMIDO REVESTIDO,29760.0,0.0,0.0,2600211.819999991,87.37270900537604,2480,216684.31833333257,0,1.0,
AFATINIBE,GIOTRIF,GIOTRIF 30 MG COM REV CT ENVOL BL AL PLAS TRANS X 28,BOEHRINGER INGELHEIM DO BRASIL QUIMICA E FARMACEUTICA LTDA,Câncer de pulmão de células não pequenas com mutação EGFR,"L1H2 - INIBIDORES PREOTEÍNA KINASE ANTINEOPLÁSICOS, EGFR","Inibidor da tirosina quinase, bloqueador da atividade do receptor do fator de crescimento epidérmico (EGFR)",ORAL,COMPRIMIDO,196.0,0.0,8432.22,16750.52,85.46183673469388,16.333333333333332,1395.8766666666668,0,1.0,
TIMOMODULINA,LEUCOGEN,LEUCOGEN 200 MGML XPE CT FR VD AMB X 120 ML,ACHE LABORATORIOS FARMACEUTICOS S.A,"Doenças infecciosas e exantemáticas (bacterianas ou virais) intensas ou de ocorrência repetida, como infecções das vias aéreas respiratórias, sarampo, varicela, caxumba e coqueluche",L3A9 - OUTROS AGENTES IMUNOESTIMULANTES EXCETO INTERFERONAS,"Estimulante do sistema imunológico, especialmente a maturação e a diferenciação de células de defesa, como os linfócitos T",ORAL,CAPSULA GELATINOSA DURA /  XAROPE,76.0,0.0,0.0,6363.26,83.7271052631579,6.333333333333333,530.2716666666666,0,1.0,
DASATINIBE,SPRYCEL,DASATINIBE MONOIDRATADO 20 MG COM REV CT FR PLAS PEAD OPC X 60,BRISTOL-MYERS SQUIBB FARMACEUTICA LTDA,"Leucemia mieloide crônica (LMC), Leucemia linfoblástica aguda (LLA) Ph+","L1H1 - INIBIDORES PREOTEÍNA KINASE ANTINEOPLÁSICOS, BCR-ABL",Inibidor da tirosina quinase ABL/BCR-ABL3,ORAL,COMPRIMIDO REVESTIDO,1080.0,0.0,0.0,79418.82000000002,73.53594444444447,90,6618.2350000000015,0,1.0,
LAPATINIBE,TYKERB,TYKERB 250 MG COM REV FR PLAS OPC X 70,NOVARTIS BIOCIENCIAS S.A,Câncer de mama HER2-positivo avançado,L1H9 - OUTROS ANTINEOPLÁSICOS INIBIDORES DA PROTEÍNA KINASE,Inibidor da função dos receptores do fator de crescimento epidérmico (EGFR ou HER1) e do receptor 2 do fator de crescimento epidérmico humano (HER2/neu ou ErbB2),ORAL,COMPRIMIDO REVESTIDO,210.0,0.0,0.0,15283.23,72.77728571428571,17.5,1273.6025,0,1.0,
EVEROLIMO,CERTICAN,CERTICAN 100 MG COM CT BL ALAL X 60,NOVARTIS BIOCIENCIAS S.A,"Câncer de mama avançado, Tumores neuroendócrinos (NET), Câncer de rim (carcinoma de células renais - CCR), Astrocitoma subependimário de células gigantes (SEGA), Angiomiolipoma renal",L1H9 - OUTROS ANTINEOPLÁSICOS INIBIDORES DA PROTEÍNA KINASE,"Inibidor da mTOR (alvo da rapamicina em mamíferos), uma proteína que atua como reguladora central do crescimento",ORAL,COMPRIMIDO,27.0,0.0,0.0,1600.52,59.27851851851852,2.25,133.37666666666667,0,1.0,
SORAFENIBE,TOSILATO DE SORAFENIBE,TOSILATO DE SORAFENIBE 200 MG COM REV CT BL AL AL X 60,ACCORD FARMACÊUTICA LTDA,"Carcinoma hepatocelular, carcinoma renal avançado, Carcinoma de tireoide progressivo",L1H9 - OUTROS ANTINEOPLÁSICOS INIBIDORES DA PROTEÍNA KINASE,"Inibidor multiquinase, interferindo em diversas vias de sinalização essenciais para o crescimento e a proliferação das células cancerígenas",ORAL,COMPRIMIDO,120.0,0.0,0.0,7107.14,59.22616666666667,10,592.2616666666667,0,1.0,
AXITINIBE,INLYTA,INLYTA 1 MG COM REV CT FR PLAS OPC X 180,PFIZER BRASIL LTDA,Carcinoma de células renais (CCR) avançado,L1H9 - OUTROS ANTINEOPLÁSICOS INIBIDORES DA PROTEÍNA KINASE,"inibidor potente e seletivo das tirosina quinases dos receptores do fator de crescimento endotelial vascular (VEGFR-1, VEGFR-2 e VEGFR-3)",ORAL,COMPRIMIDO REVESTIDO,2700.0,0.0,2671.7,146527.09,54.26929259259259,225,12210.590833333334,0,1.0,
PIRFENIDONA,ESBRIET,ESBRIET 267 MG CAP DURA CT FR PLAS OPC X 270,PRODUTOS ROCHE QUIMICOS E FARMACEUTICOS S.A.,Fibrose Pulmonar Idiopática (FPI),R7D - PRODUTOS DE FIBROSE PULMONAR IDIOPÁTICA,"Imunossupressor que atenua a proliferação de fibroblastos, diminuindo a produção de proteínas associadas à fibrose",ORAL,CAPSULA,2430.0,0.0,0.0,122383.69,50.363658436213996,202.5,10198.640833333333,0,1.0,
TEMOZOLOMIDA,TEMODAL,TEMOZOLOMIDA 100 MG CAP DURA CT FR VD AMB X 5,MERCK SHARP & DOHME FARMACEUTICA LTDA,"Glioblastoma multiforme, Glioma maligno, Melanoma metastático",L1A - AGENTES ANTINEOPLÁSICOS ALQUILANTES,Agente antineoplásico alquilante pró-fármaco que forma o composto ativo MTIC (monometil-triaceno-imidazol-carboxamida) que é citotóxico,ORAL,CAPSULA,75.0,0.0,0.0,3597.02,47.96026666666667,6.25,299.75166666666667,0,1.0,
IMATINIBE,MESILATO DE IMATINIBE,MESILATO DE IMATINIBE 400 MG COM REV CT BL AL PLAS INC X 30,EUROFARMA LABORATORIOS S.A.,"Leucemia mieloide crônica (LMC) Ph+, Leucemia Linfoblástica Aguda (LLA) Ph+, Tumores estromais gastrointestinais (GIST), Fibrose sistêmica","L1H1 - INIBIDORES PREOTEÍNA KINASE ANTINEOPLÁSICOS, BCR-ABL","Inibidor da tirosina quinase BCR-ABL, bloqueando a proliferação e induzindo morte celular",ORAL,COMPRIMIDO,8400.0,0.0,0.0,322085.3399999996,38.34349285714281,700,26840.444999999967,0,1.0,
VENETOCLAX,VENCLEXTA,VENCLEXTA 10 MG COM REV CT BL AL PLAS TRANS X 14,ABBVIE FARMACEUTICA LTDA.,"Leucemia linfocítica crônica (LLC), leucemia mieloide aguda (LMA)",L1X9 - TODOS OS OUTROS ANTINEOPLÁSICOS,Antineoplásico inibidor da proteína BCL-2,ORAL,COMPRIMIDO REVESTIDO,56.0,0.0,0.0,2144.04,38.28642857142857,4.666666666666667,178.67,0,1.0,
LETROZOL,FEMARA,FEMARA ICMS 0 25 MG 28 CPRS,NOVARTIS BIOCIENCIAS S.A,Câncer de mama em mulheres pós-menopausadas,L2B3 - CITOSTÁTICOS INIBIDORES DA AROMATASE,Inibidor da aromatase,ORAL,COMPRIMIDO REVESTIDO,84.0,84.0,0.24,3003.6,35.75714285714285,7,250.29999999999998,0.5,0.5,
EXEMESTANO,AROMASIN,AROMASIN CONVENIO 13221 25 MG CX 30 DRAGS,PFIZER BRASIL LTDA,Câncer de mama com receptor hormonal positivo em mulheres pós-menopausadas,L2B3 - CITOSTÁTICOS INIBIDORES DA AROMATASE,Inibidor irreversível da enzima aromatase,ORAL,COMPRIMIDO REVESTIDO,450.0,240.0,0.8600000000000001,15966.34,35.480755555555554,37.5,1330.5283333333334,0.34782608695652173,0.6521739130434783,
LETROZOL,LETHOZY,LETHOZY 25 MG COM REV CT BL AL PLAS PVCPVDC TRANS X 30,BLAU FARMACEUTICA S.A.,Câncer de mama em mulheres pós-menopausadas,L2B3 - CITOSTÁTICOS INIBIDORES DA AROMATASE,Inibidor da aromatase,ORAL,COMPRIMIDO REVESTIDO,90.0,0.0,0.0,3071.93,34.132555555555555,7.5,255.99416666666664,0,1.0,
ANASTROZOL,ANYA,ANYA 1 MG CT BL AL PVC X 30 CPRS REV,SUN FARMACEUTICA DO BRASIL LTDA,Câncer de mama inicial e avançado em mulheres pós-menopausadas,L2B3 - CITOSTÁTICOS INIBIDORES DA AROMATASE,Inibidor da aromatase,ORAL,COMPRIMIDO REVESTIDO,60.0,0.0,0.0,2009.4,33.49,5,167.45000000000002,0,1.0,
ANASTROZOL,ARIMIDEX,ARIMIDEX CX 28 CPRS,ASTRAZENECA DO BRASIL LTDA,Câncer de mama inicial e avançado em mulheres pós-menopausadas,L2B3 - CITOSTÁTICOS INIBIDORES DA AROMATASE,Inibidor da aromatase,ORAL,COMPRIMIDO REVESTIDO,196.0,0.0,0.0,6493.48,33.129999999999995,16.333333333333332,541.1233333333333,0,1.0,
TACROLIMO,PROGRAF,PROGRAF 5MG CAP DURA CT ENV AL BL AL PLAS TRANS X 50,ASTELLAS FARMA BRASIL IMPORTACAO E DISTRIBUICAO DE MEDICAMENTOS LTDA,"Transplante de órgãos sólidos, Dermatite atópica",L4X - OUTROS IMUNOSSUPRESSORES,"Imunossupressor.
Inibidor da calcineurina que ajuda a reduzir a resposta do sistema imunológico",ORAL,CAPSULA GELATINOSA DURA,79.0,0.0,0.0,2590.159999999999,32.78683544303796,6.583333333333333,215.84666666666658,0,1.0,
TEMOZOLOMIDA,TEMODAL,TEMOZOLOMIDA 100 MG CAP GEL DURA CT FR VD AMB X 5,MERCK SHARP & DOHME FARMACEUTICA LTDA,"Glioblastoma multiforme, Glioma maligno, Melanoma metastático",L1A - AGENTES ANTINEOPLÁSICOS ALQUILANTES,Agente antineoplásico alquilante pró-fármaco que forma o composto ativo MTIC (monometil-triaceno-imidazol-carboxamida) que é citotóxico,ORAL,CAPSULA,2230.0,0.0,0.0,73007.36,32.7387264573991,185.83333333333334,6083.946666666667,0,1.0,
TEMOZOLOMIDA,TEMODAL,TEMODAL 5 MG CAP CT SACH X 5,MERCK SHARP & DOHME FARMACEUTICA LTDA,"Glioblastoma multiforme, Glioma maligno, Melanoma metastático",L1A - AGENTES ANTINEOPLÁSICOS ALQUILANTES,Agente antineoplásico alquilante pró-fármaco que forma o composto ativo MTIC (monometil-triaceno-imidazol-carboxamida) que é citotóxico,ORAL,CAPSULA,105.0,0.0,0.0,3241.15,30.86809523809524,8.75,270.09583333333336,0,1.0,
TEMOZOLOMIDA,TEMODAL,TEMOZOLOMIDA 20 MG CAP DURA CT FR VD AMB X 5,MERCK SHARP & DOHME FARMACEUTICA LTDA,"Glioblastoma multiforme, Glioma maligno, Melanoma metastático",L1A - AGENTES ANTINEOPLÁSICOS ALQUILANTES,Agente antineoplásico alquilante pró-fármaco que forma o composto ativo MTIC (monometil-triaceno-imidazol-carboxamida) que é citotóxico,ORAL,CAPSULA,215.0,0.0,0.0,5054.599999999999,23.50976744186046,17.916666666666668,421.21666666666664,0,1.0,
CAPECITABINA,XELODA,XELODA 500 MG COM REV CT BL AL PLAS PVCPVDC TRANS X 120,PRODUTOS ROCHE QUIMICOS E FARMACEUTICOS S.A.,"Câncer de mama avançado ou metastático, câncer colorretal metastático, câncer gástrico avançado",L1B - AGENTES ANTINEOPLÁSICOS ANTIMETABÓLITOS,Pró-fármaco que se converte em 5-fluorouracil (5-FU) que é um agente citotóxico,ORAL,COMPRIMIDO REVESTIDO,462.0,0.0,0.0,10786.66,23.347748917748916,38.5,898.8883333333333,0,1.0,
LETROZOL,FEMARA,FEMARA 25 MG COM REV CT BL AL PLAS INC X 28,NOVARTIS BIOCIENCIAS S.A,Câncer de mama em mulheres pós-menopausadas,L2B3 - CITOSTÁTICOS INIBIDORES DA AROMATASE,Inibidor da aromatase,ORAL,COMPRIMIDO REVESTIDO,6217.0,336.0,77.67999999999998,139708.1400000002,22.471954318803313,518.0833333333334,11642.345000000016,0.05127422554555166,0.9487257744544484,
IMATINIBE,GLIMATIN,GLIMATIN 400 MG COM REV CT BL AL PLAS OPC X 30,EMS S/A,"Leucemia mieloide crônica (LMC) Ph+, Leucemia Linfoblástica Aguda (LLA) Ph+, Tumores estromais gastrointestinais (GIST), Fibrose sistêmica","L1H1 - INIBIDORES PREOTEÍNA KINASE ANTINEOPLÁSICOS, BCR-ABL","Inibidor da tirosina quinase BCR-ABL, bloqueando a proliferação e induzindo morte celular",ORAL,COMPRIMIDO,1860.0,30.0,343.63,38440.37,20.66686559139785,155,3203.3641666666667,0.015873015873015872,0.9841269841269842,
IMATINIBE,MESILATO DE IMATINIBE,MESILATO DE IMATINIBE 400 MG COM REV OR CT BL AL PLAS TRANS X 30,EUROFARMA LABORATORIOS S.A.,"Leucemia mieloide crônica (LMC) Ph+, Leucemia Linfoblástica Aguda (LLA) Ph+, Tumores estromais gastrointestinais (GIST), Fibrose sistêmica","L1H1 - INIBIDORES PREOTEÍNA KINASE ANTINEOPLÁSICOS, BCR-ABL","Inibidor da tirosina quinase BCR-ABL, bloqueando a proliferação e induzindo morte celular",ORAL,COMPRIMIDO,11700.0,0.0,0.0,238724.7599999992,20.403825641025573,975,19893.729999999934,0,1.0,
TEMOZOLOMIDA,TEMODAL,TEMOZOLOMIDA 20 MG CAP GEL DURA CT FR VD AMB X 5,MERCK SHARP & DOHME FARMACEUTICA LTDA,"Glioblastoma multiforme, Glioma maligno, Melanoma metastático",L1A - AGENTES ANTINEOPLÁSICOS ALQUILANTES,Agente antineoplásico alquilante pró-fármaco que forma o composto ativo MTIC (monometil-triaceno-imidazol-carboxamida) que é citotóxico,ORAL,CAPSULA,1075.0,0.0,0.0,21215.0,19.73488372093023,89.58333333333333,1767.9166666666667,0,1.0,
TRETINOINA,VESANOID,VESANOID 10 MG CT FR VD AMB X 100 CAPS GEL,FARMOQUIMICA S/A,Leucemia Promielocítica Aguda (LPA),L1X9 - TODOS OS OUTROS ANTINEOPLÁSICOS,"Análogo da vitamina A - Indutor da diferenciação celular atua na diferenciação das células leucêmicas imaturas, fazendo com que se tornem células maduras e funcionais, levando à remissão da doença",ORAL,CAPSULA GELATINOSA MOLE,400.0,0.0,0.0,7736.0,19.34,33.333333333333336,644.6666666666666,0,1.0,
TEMOZOLOMIDA,TEMODAL,TEMOZOLOMIDA 5 MG CAP DURA CT FR VD AMB X 5,MERCK SHARP & DOHME FARMACEUTICA LTDA,"Glioblastoma multiforme, Glioma maligno, Melanoma metastático",L1A - AGENTES ANTINEOPLÁSICOS ALQUILANTES,Agente antineoplásico alquilante pró-fármaco que forma o composto ativo MTIC (monometil-triaceno-imidazol-carboxamida) que é citotóxico,ORAL,CAPSULA,70.0,0.0,0.0,1338.56,19.122285714285713,5.833333333333333,111.54666666666667,0,1.0,
ANASTROZOL,ARIMIDEX,ARIMIDEX 1 MG COM REV CT 2 BL AL PLAS INC X 14,ASTRAZENECA DO BRASIL LTDA,Câncer de mama inicial e avançado em mulheres pós-menopausadas,L2B3 - CITOSTÁTICOS INIBIDORES DA AROMATASE,Inibidor da aromatase,ORAL,COMPRIMIDO REVESTIDO,4548.0,0.0,0.0,84578.75,18.596910729991205,379,7048.229166666667,0,1.0,
TRETINOINA,VESANOID,VESANOID 10 MG CAP GEL CT FR VD AMB X 100,FARMOQUIMICA S/A,Leucemia Promielocítica Aguda (LPA),L1X9 - TODOS OS OUTROS ANTINEOPLÁSICOS,"Análogo da vitamina A - Indutor da diferenciação celular atua na diferenciação das células leucêmicas imaturas, fazendo com que se tornem células maduras e funcionais, levando à remissão da doença",ORAL,CAPSULA GELATINOSA MOLE,6360.0,454.0,183.4,118113.7700000006,18.571347484276824,530,9842.814166666716,0.06662753155268565,0.9333724684473144,
ABIRATERONA,ZOSTIDE,ZOSTIDE 250 MG COM CT BL AL PLAS TRANS X 120,LIBBS FARMACEUTICA LTDA ,Câncer de próstata metastático resistente à castração,L2B2 - HORMÔNIOS ANTIANDROGÊNICOS CITOSTÁTICOS,Inibidor seletivo da enzima CYP19,ORAL,COMPRIMIDO SIMPLES,1560.0,0.0,0.0,25384.11,16.271865384615385,130,2115.3425,0,1.0,
IMATINIBE,MESILATO DE IMATINIBE,MESILATO DE IMATINIBE 400 MG COM REV CT BL AL AL DESSEC X 30,EUROFARMA LABORATORIOS S.A.,"Leucemia mieloide crônica (LMC) Ph+, Leucemia Linfoblástica Aguda (LLA) Ph+, Tumores estromais gastrointestinais (GIST), Fibrose sistêmica","L1H1 - INIBIDORES PREOTEÍNA KINASE ANTINEOPLÁSICOS, BCR-ABL","Inibidor da tirosina quinase BCR-ABL, bloqueando a proliferação e induzindo morte celular",ORAL,COMPRIMIDO,3120.0,0.0,0.0,46105.65,14.777451923076924,260,3842.1375000000003,0,1.0,
CICLOSPORINA,SANDIMMUN,SANDIMMUN NEORAL 100 MGML SOL OR CT FR VD INC X 50 ML,NOVARTIS BIOCIENCIAS S.A,"Artrite reumatoide grave ativa, psoríase, dermatite atópica, uveíte endógena, Doença de Behçet e síndrome nefrótica ou em pós transplante de órgãos sólidos ou TMO",L4X - OUTROS IMUNOSSUPRESSORES,Inibição da ativação de linfócitos T,ORAL,CAPSULA DURA,299.0,0.0,133.3799999999999,3588.720000000005,12.00240802675587,24.916666666666668,299.0600000000004,0,1.0,
TIOGUANINA,LANVIS,LANVIS 40 MG COM CT FR VD AMB X 25,ASPEN PHARMA INDUSTRIA FARMACEUTICA LTDA,"Leucemia Mieloide Aguda (LMA), Leucemia Linfoblástica Aguda (LLA), Leucemia Mieloide Crônica (LMC)",L1B - AGENTES ANTINEOPLÁSICOS ANTIMETABÓLITOS,Antineoplásico antimetabólito quimioterápico análogo da purina,ORAL,COMPRIMIDO,472.0,2.0,1.38,4892.870000000001,10.36625,39.333333333333336,407.73916666666673,0.004219409282700422,0.9957805907172996,
IMATINIBE,MESILATO DE IMATINIBE,MESILATO DE IMATINIBE 100 MG COM REV CT BL AL PLAS INC X 60,EUROFARMA LABORATORIOS S.A.,"Leucemia mieloide crônica (LMC) Ph+, Leucemia Linfoblástica Aguda (LLA) Ph+, Tumores estromais gastrointestinais (GIST), Fibrose sistêmica","L1H1 - INIBIDORES PREOTEÍNA KINASE ANTINEOPLÁSICOS, BCR-ABL","Inibidor da tirosina quinase BCR-ABL, bloqueando a proliferação e induzindo morte celular",ORAL,COMPRIMIDO,3240.0,0.0,0.0,33449.78000000001,10.32400617283951,270,2787.481666666668,0,1.0,
ABIRATERONA,ACETATO DE ABIRATERONA,ACETATO DE ABIRATERONA 250 MG COM REV CT FR PLAS PEAD OPC X 120,DR. REDDYS FARMACEUTICA DO BRASIL LTDA,Câncer de próstata metastático resistente à castração,L2B2 - HORMÔNIOS ANTIANDROGÊNICOS CITOSTÁTICOS,Inibidor seletivo da enzima CYP22,ORAL,COMPRIMIDO REVESTIDO,720.0,0.0,0.0,7020.0,9.75,60,585,0,1.0,
TACROLIMO,TACROLIMO MONOIDRATADO,TACROLIMO MONOIDRATADO 1 MG CAP DURA CT BL AL X 50,CAMBER FARMACEUTICA LTDA,"Transplante de órgãos sólidos, Dermatite atópica",L4X - OUTROS IMUNOSSUPRESSORES,"Imunossupressor.
Inibidor da calcineurina que ajuda a reduzir a resposta do sistema imunológico",ORAL,CAPSULA GELATINOSA DURA,55.0,0.0,0.0,525.2100000000002,9.54927272727273,4.583333333333333,43.76750000000001,0,1.0,
TAMOXIFENO,NOLVADEX D,NOLVADEX D 20 MG CX 30 CPRS,ASTRAZENECA DO BRASIL LTDA,Câncer de mama com receptores de estrogênio positivos,L2B1 - HORMÔNIOS ANTIESTROGÊNEOS CITOSTÁTICOS,Antineoplásico hormonal modulador seletivo do receptor de estrogênio (SERM),ORAL,COMPRIMIDO REVESTIDO,240.0,60.0,0.24,2262.36,9.4265,20,188.53,0.2,0.8,
IMATINIBE,MESILATO DE IMATINIBE,MESILATO DE IMATINIBE 100 MG COM REV OR CT BL AL PLAS TRANS X 60,EUROFARMA LABORATORIOS S.A.,"Leucemia mieloide crônica (LMC) Ph+, Leucemia Linfoblástica Aguda (LLA) Ph+, Tumores estromais gastrointestinais (GIST), Fibrose sistêmica","L1H1 - INIBIDORES PREOTEÍNA KINASE ANTINEOPLÁSICOS, BCR-ABL","Inibidor da tirosina quinase BCR-ABL, bloqueando a proliferação e induzindo morte celular",ORAL,COMPRIMIDO,2220.0,0.0,0.0,19583.41,8.821355855855856,185,1631.9508333333333,0,1.0,
EXEMESTANO,AROMASIN,AROMASIN 25 MG COM REV CT BL AL PLAS OPC X 30,PFIZER BRASIL LTDA,Câncer de mama com receptor hormonal positivo em mulheres pós-menopausadas,L2B3 - CITOSTÁTICOS INIBIDORES DA AROMATASE,Inibidor irreversível da enzima aromatase,ORAL,COMPRIMIDO REVESTIDO,23191.0,0.0,39758.02,198072.3500000003,8.540914578931496,1932.5833333333333,16506.029166666693,0,1.0,
CAPECITABINA,CAPELIV,CAPELIV 500 MG COM REV CT BL AL PVC OPC X 120,RANBAXY FARMACEUTICA LTDA,"Câncer de mama avançado ou metastático, câncer colorretal metastático, câncer gástrico avançado",L1B - AGENTES ANTINEOPLÁSICOS ANTIMETABÓLITOS,Pró-fármaco que se converte em 5-fluorouracil (5-FU) que é um agente citotóxico,ORAL,COMPRIMIDO,588.0,0.0,0.0,4845.29,8.240289115646258,49,403.77416666666664,0,1.0,
ABIRATERONA,ACETATO DE ABIRATERONA,ACETATO DE ABIRATERONA 250 MG COM CT FR PLAS OPC X 120,DR. REDDYS FARMACEUTICA DO BRASIL LTDA,Câncer de próstata metastático resistente à castração,L2B2 - HORMÔNIOS ANTIANDROGÊNICOS CITOSTÁTICOS,Inibidor seletivo da enzima CYP20,ORAL,COMPRIMIDO REVESTIDO,28560.0,0.0,0.0,234740.58,8.219207983193277,2380,19561.715,0,1.0,
TEMOZOLOMIDA,TEMODAL,TEMOZOLOMIDA 5 MG CAP GEL DURA CT FR VC AMB X 5,MERCK SHARP & DOHME FARMACEUTICA LTDA,"Glioblastoma multiforme, Glioma maligno, Melanoma metastático",L1A - AGENTES ANTINEOPLÁSICOS ALQUILANTES,Agente antineoplásico alquilante pró-fármaco que forma o composto ativo MTIC (monometil-triaceno-imidazol-carboxamida) que é citotóxico,ORAL,CAPSULA,700.0,0.0,0.0,5600.0,8,58.333333333333336,466.6666666666667,0,1.0,
CAPECITABINA,CAPECITABINA,CAPECITABINA 500 MG COM REV CT BL AL PVC OPC X 90,SUN FARMACEUTICA DO BRASIL LTDA,"Câncer de mama avançado ou metastático, câncer colorretal metastático, câncer gástrico avançado",L1B - AGENTES ANTINEOPLÁSICOS ANTIMETABÓLITOS,Pró-fármaco que se converte em 5-fluorouracil (5-FU) que é um agente citotóxico,ORAL,COMPRIMIDO REVESTIDO,1.0,0.0,0.0,7.41,7.41,0.08333333333333333,0.6175,0,1.0,
MELFALANA,ALKERAN,ALKERAN 2 MG COM REV CT FR VD AMB X 25,ASPEN PHARMA INDUSTRIA FARMACEUTICA LTDA,"Mieloma Múltiplo, Adenocarcinoma ovariano avançado, Câncer de mama, Policitemia vera, Melanoma maligno, Sarcoma de tecidos moles, Neuroblastoma avançado",L1A - AGENTES ANTINEOPLÁSICOS ALQUILANTES,Agente antineoplásico citotóxico alquilante,ORAL,COMPRIMIDO,228.0,0.0,0.0,1664.65,7.301096491228071,19,138.72083333333333,0,1.0,
ABIRATERONA,ACETATO DE ABIRATERONA,ACETATO DE ABIRATERONA 250 MG COM REV CT FR PLAS OPC X 120,DR. REDDYS FARMACEUTICA DO BRASIL LTDA,Câncer de próstata metastático resistente à castração,L2B2 - HORMÔNIOS ANTIANDROGÊNICOS CITOSTÁTICOS,Inibidor seletivo da enzima CYP23,ORAL,COMPRIMIDO REVESTIDO,22320.0,0.0,0.0,158647.18,7.107848566308244,1860,13220.598333333333,0,1.0,
TACROLIMO,PROGRAF,PROGRAF 1MG CAP DURA CT ENV AL BL AL PLAS TRANS X100,ASTELLAS FARMA BRASIL IMPORTACAO E DISTRIBUICAO DE MEDICAMENTOS LTDA,"Transplante de órgãos sólidos, Dermatite atópica",L4X - OUTROS IMUNOSSUPRESSORES,"Imunossupressor.
Inibidor da calcineurina que ajuda a reduzir a resposta do sistema imunológico",ORAL,CAPSULA GELATINOSA DURA,1973.0,16.0,10.71,12531.81999999998,6.351657374556503,164.41666666666666,1044.3183333333316,0.008044243338360985,0.991955756661639,
TIMOMODULINA,LEUCOGEN,LEUCOGEN 80 MG CAP DURA CT BL AL PLAS TRANS X 30,ACHE LABORATORIOS FARMACEUTICOS S.A,"Doenças infecciosas e exantemáticas (bacterianas ou virais) intensas ou de ocorrência repetida, como infecções das vias aéreas respiratórias, sarampo, varicela, caxumba e coqueluche",L3A9 - OUTROS AGENTES IMUNOESTIMULANTES EXCETO INTERFERONAS,"Estimulante do sistema imunológico, especialmente a maturação e a diferenciação de células de defesa, como os linfócitos T",ORAL,CAPSULA GELATINOSA DURA /  XAROPE,9.0,0.0,0.0,53.56000000000001,5.951111111111112,0.75,4.463333333333334,0,1.0,
MEGESTROL,FEMIGESTROL,FEMIGESTROL 160 MG COM CT BL AL PLAS INC X 30,LABORATORIO QUIMICO FARMACEUTICO BERGAMO LTDA,"Carcinoma de mama avançado, Carcinoma de endométrio avançado",L2A2 - HORMÔNIOS PROGESTOGÊNEOS CITOSTÁTICOS,Agonista do receptor de progesterona,ORAL,COMPRIMIDO SIMPLES,264.0,0.0,0.54,1429.82,5.4159848484848485,22,119.15166666666666,0,1.0,
MERCAPTOPURINA,PURINETHOL,PURINETHOL 50 MG FR VD X 25 CPRS,ASPEN PHARMA INDUSTRIA FARMACEUTICA LTDA,"Leucemia linfoblástica aguda (LLA), Leucemia mieloide aguda (LMA), Doença de Crohn, Colite ulcerativa",L1B - AGENTES ANTINEOPLÁSICOS ANTIMETABÓLITOS,"Antagonista da purina interfere na síntese do DNA e RNA das células cancerígenas ao ser convertido em nucleotídeos de tioguanina, inibe a produção de purinas e, consequentemente, a divisão celular.",ORAL,COMPRIMIDO SIMPLES,56.0,0.0,0.0,292.88,5.2299999999999995,4.666666666666667,24.406666666666666,0,1.0,
TAMOXIFENO,NOLVADEX D,NOLVADEX D 20 MG COM CT 3 BL ALAL X 10,ASTRAZENECA DO BRASIL LTDA,Câncer de mama com receptores de estrogênio positivos,L2B1 - HORMÔNIOS ANTIESTROGÊNEOS CITOSTÁTICOS,Antineoplásico hormonal modulador seletivo do receptor de estrogênio (SERM),ORAL,COMPRIMIDO REVESTIDO,11040.0,0.0,0.0,57465.13000000003,5.205174818840582,920,4788.7608333333355,0,1.0,
MELFALANA,ALKERAN,ALKERAN 50 MG PO LIOF INJ CT FA VD TRANS SOL DIL X 10 ML,ASPEN PHARMA INDUSTRIA FARMACEUTICA LTDA,"Mieloma Múltiplo, Adenocarcinoma ovariano avançado, Câncer de mama, Policitemia vera, Melanoma maligno, Sarcoma de tecidos moles, Neuroblastoma avançado",L1A - AGENTES ANTINEOPLÁSICOS ALQUILANTES,Agente antineoplásico citotóxico alquilante,ORAL,COMPRIMIDO,3648.0,0.0,0.0,18199.26,4.9888322368421045,304,1516.6049999999998,0,1.0,
MERCAPTOPURINA,PURINETHOL,PURINETHOL 50 MG COM CT FR VD AMB X 25,ASPEN PHARMA INDUSTRIA FARMACEUTICA LTDA,"Leucemia linfoblástica aguda (LLA), Leucemia mieloide aguda (LMA), Doença de Crohn, Colite ulcerativa",L1B - AGENTES ANTINEOPLÁSICOS ANTIMETABÓLITOS,"Antagonista da purina interfere na síntese do DNA e RNA das células cancerígenas ao ser convertido em nucleotídeos de tioguanina, inibe a produção de purinas e, consequentemente, a divisão celular.",ORAL,COMPRIMIDO SIMPLES,8234.0,169.0,4176.45,38635.37999999998,4.692176341996597,686.1666666666666,3219.6149999999984,0.020111864810186838,0.9798881351898132,
TACROLIMO,TACROLIL,TACROLIL 1 MG CAP DURA CT BL AL PLAS PVDC OPC X 100 ENV AL,EMS S/A,"Transplante de órgãos sólidos, Dermatite atópica",L4X - OUTROS IMUNOSSUPRESSORES,"Imunossupressor.
Inibidor da calcineurina que ajuda a reduzir a resposta do sistema imunológico",ORAL,CAPSULA,650.0,0.0,0.0,2911.789999999997,4.4796769230769184,54.166666666666664,242.6491666666664,0,1.0,
CAPECITABINA,COAMA,COAMA 500 MG COM REV CT BL AL PLAS PVCPVDC OPC X 120,EMS S/A,"Câncer de mama avançado ou metastático, câncer colorretal metastático, câncer gástrico avançado",L1B - AGENTES ANTINEOPLÁSICOS ANTIMETABÓLITOS,Pró-fármaco que se converte em 5-fluorouracil (5-FU) que é um agente citotóxico,ORAL,COMPRIMIDO REVESTIDO,252.0,0.0,0.0,1096.79,4.352341269841269,21,91.39916666666666,0,1.0,
CAPECITABINA,CORRETAL,CORRETAL 500 MG COM REV CT BL AL PLAS TRANS X 120,EUROFARMA LABORATORIOS S.A.,"Câncer de mama avançado ou metastático, câncer colorretal metastático, câncer gástrico avançado",L1B - AGENTES ANTINEOPLÁSICOS ANTIMETABÓLITOS,Pró-fármaco que se converte em 5-fluorouracil (5-FU) que é um agente citotóxico,ORAL,COMPRIMIDO,264.0,0.0,0.0,1116.94,4.230833333333334,22,93.07833333333333,0,1.0,
CAPECITABINA,CORRETAL,CORRETAL 150 MG COM REV CT BL AL PLAS TRANS X 60,EUROFARMA LABORATORIOS S.A.,"Câncer de mama avançado ou metastático, câncer colorretal metastático, câncer gástrico avançado",L1B - AGENTES ANTINEOPLÁSICOS ANTIMETABÓLITOS,Pró-fármaco que se converte em 5-fluorouracil (5-FU) que é um agente citotóxico,ORAL,COMPRIMIDO,28.0,28.0,4.05,112.18,4.006428571428572,2.3333333333333335,9.348333333333334,0.5,0.5,
EXEMESTANO,PROEXTY,EXEMESTANO 25 MG COM REV CT BL AL PLAS OPC X 30,EUROFARMA LABORATORIOS S.A.,Câncer de mama com receptor hormonal positivo em mulheres pós-menopausadas,L2B3 - CITOSTÁTICOS INIBIDORES DA AROMATASE,Inibidor irreversível da enzima aromatase,ORAL,COMPRIMIDO REVESTIDO,83700.0,0.0,0.0,334792.97,3.999916009557945,6975,27899.414166666666,0,1.0,
CLORAMBUCILA,LEUKERAN,LEUKERAN 2 MG COM REV CT FR VD AMB X 25,ASPEN PHARMA INDUSTRIA FARMACEUTICA LTDA,"Doença de Hodgkin, Linfoma não-Hodgkin, Leucemia linfocítica crônica (LLC), Macroglobulinemia de Waldenström",L1A - AGENTES ANTINEOPLÁSICOS ALQUILANTES,"Agente alquilante, danifica o DNA das células tumorais",ORAL,COMPRIMIDO,200.0,0.0,0.0,764.72,3.8236000000000003,16.666666666666668,63.72666666666667,0,1.0,
HIDROXIUREIA,TEPEV,TEPEV FF 500 MG CAP DURA CT BL AL AL X 100,EMS S/A,"Leucemia mielocítica crônica resistente, melanoma, câncer de células escamosas primárias de cabeça e pescoço, câncer de colo uterino",L1X9 - TODOS OS OUTROS ANTINEOPLÁSICOS,Inibidor da enzima ribonucleosídeo redutase,ORAL,COMPRIMIDO SIMPLES,38.0,0.0,0.0,139.23,3.663947368421052,3.1666666666666665,11.6025,0,1.0,
HIDROXIUREIA,TEPEV,TEPEV 500 MG CAP DURA CT FR VD AMB X 100,EMS S/A,"Leucemia mielocítica crônica resistente, melanoma, câncer de células escamosas primárias de cabeça e pescoço, câncer de colo uterino",L1X9 - TODOS OS OUTROS ANTINEOPLÁSICOS,Inibidor da enzima ribonucleosídeo redutase,ORAL,CAPSULA,363.0,0.0,0.0,955.0400000000004,2.630964187327825,30.25,79.5866666666667,0,1.0,
LETROZOL,LETROZOL,LETROZOL 25 MG COM REV CT BL AL PLAS INC X 30,EUROFARMA LABORATORIOS S.A.,Câncer de mama em mulheres pós-menopausadas,L2B3 - CITOSTÁTICOS INIBIDORES DA AROMATASE,Inibidor da aromatase,ORAL,COMPRIMIDO REVESTIDO,125130.0,0.0,0.0,323000.6399999994,2.581320546631498,10427.5,26916.719999999947,0,1.0,
HIDROXIUREIA,TEPEV,HIDROXIUREIA 500 MG CAP DURA CT BL AL AL X 100,EMS S/A,"Leucemia mielocítica crônica resistente, melanoma, câncer de células escamosas primárias de cabeça e pescoço, câncer de colo uterino",L1X9 - TODOS OS OUTROS ANTINEOPLÁSICOS,Inibidor da enzima ribonucleosídeo redutase,ORAL,CAPSULA,192.0,0.0,0.0,380.16,1.9800000000000002,16,31.680000000000003,0,1.0,
CAPECITABINA,CAPECITABINA,CAPECITABINA 500 MG COM REV CT BL AL PVC OPC X 120,SUN FARMACEUTICA DO BRASIL LTDA,"Câncer de mama avançado ou metastático, câncer colorretal metastático, câncer gástrico avançado",L1B - AGENTES ANTINEOPLÁSICOS ANTIMETABÓLITOS,Pró-fármaco que se converte em 5-fluorouracil (5-FU) que é um agente citotóxico,ORAL,COMPRIMIDO REVESTIDO,63385.0,0.0,0.0,116490.75,1.8378283505561253,5282.083333333333,9707.5625,0,1.0,
BICALUTAMIDA,CASODEX,BICALUTAMIDA 50 MG COM REV CT BL AL PLAS INC X 30,ASTRAZENECA DO BRASIL LTDA,Câncer de próstata avançado,L2B2 - HORMÔNIOS ANTIANDROGÊNICOS CITOSTÁTICOS,Antiandrogênio que bloqueia a ação de hormônios como a testosterona,ORAL,COMPRIMIDO REVESTIDO,1440.0,0.0,0.0,2266.47,1.5739374999999998,120,188.87249999999997,0,1.0,
HIDROXIUREIA,TEPEV,TEPEV 500 MG CAP DURA CT BL AL AL X 100,EMS S/A,"Leucemia mielocítica crônica resistente, melanoma, câncer de células escamosas primárias de cabeça e pescoço, câncer de colo uterino",L1X9 - TODOS OS OUTROS ANTINEOPLÁSICOS,Inibidor da enzima ribonucleosídeo redutase,ORAL,CAPSULA,14018.0,0.0,0.0,21718.09999999999,1.5493008988443424,1168.1666666666667,1809.841666666666,0,1.0,
CICLOFOSFAMIDA,GENUXAL,GENUXAL 50 MG COM REV LIB RETARD CT BL ALAL X 50,BAXTER HOSPITALAR LTDA,"Linfomas, leucemias, câncer de mama, doenças autoimunes, tumores sólidos (retinoblastoma, neuroblastoma e adenocarcinoma do ovário)",L1A - AGENTES ANTINEOPLÁSICOS ALQUILANTES,Agente antineoplásico citotóxico alquilante,ORAL,COMPRIMIDO REVESTIDO DE LIBERACAO RETARDADA,162.0,0.0,0.0,224.04,1.382962962962963,13.5,18.669999999999998,0,1.0,
CICLOFOSFAMIDA,GENUXAL,GENUXAL RESTRITO HOSP CX 50 CPRS REV LIB RETA,BAXTER HOSPITALAR LTDA,"Linfomas, leucemias, câncer de mama, doenças autoimunes, tumores sólidos (retinoblastoma, neuroblastoma e adenocarcinoma do ovário)",L1A - AGENTES ANTINEOPLÁSICOS ALQUILANTES,Agente antineoplásico citotóxico alquilante,ORAL,COMPRIMIDO REVESTIDO DE LIBERACAO RETARDADA,168.0,84.0,0.18,226.62,1.3489285714285715,14,18.885,0.3333333333333333,0.6666666666666667,
ANASTROZOL,ANASTROLIBBS,ANASTROLIBBS 1 MG COM REV CT BL AL PLAS INC X 30,LIBBS FARMACEUTICA LTDA ,Câncer de mama inicial e avançado em mulheres pós-menopausadas,L2B3 - CITOSTÁTICOS INIBIDORES DA AROMATASE,Inibidor da aromatase,ORAL,COMPRIMIDO REVESTIDO,1678.0,0.0,0.0,2261.44,1.347699642431466,139.83333333333334,188.45333333333335,0,1.0,
TAMOXIFENO,CITRATO DE TAMOXIFENO,CITRATO DE TAMOXIFENO 20 MG COM REV CT BL AL AL X 30,SANDOZ DO BRASIL INDUSTRIA FARMACEUTICA LTDA,Câncer de mama com receptores de estrogênio positivos,L2B1 - HORMÔNIOS ANTIESTROGÊNEOS CITOSTÁTICOS,Antineoplásico hormonal modulador seletivo do receptor de estrogênio (SERM),ORAL,COMPRIMIDO REVESTIDO,300.0,0.0,0.0,332.16,1.1072000000000002,25,27.680000000000003,0,1.0,
ANASTROZOL,ARIMIDEX,ANASTROZOL 1 MG COM REV CT BL AL PLAS PVDC OPC X 30,ASTRAZENECA DO BRASIL LTDA,Câncer de mama inicial e avançado em mulheres pós-menopausadas,L2B3 - CITOSTÁTICOS INIBIDORES DA AROMATASE,Inibidor da aromatase,ORAL,COMPRIMIDO REVESTIDO,30.0,0.0,0.0,27.52,0.9173333333333333,2.5,2.2933333333333334,0,1.0,
ANASTROZOL,ARIMIDEX,ANASTROZOL 1 MG COM REV CT BL AL PLAS TRANS X 30,ASTRAZENECA DO BRASIL LTDA,Câncer de mama inicial e avançado em mulheres pós-menopausadas,L2B3 - CITOSTÁTICOS INIBIDORES DA AROMATASE,Inibidor da aromatase,ORAL,COMPRIMIDO REVESTIDO,30.0,0.0,0.0,26.0,0.8666666666666667,2.5,2.1666666666666665,0,1.0,
TAMOXIFENO,CITRATO DE TAMOXIFENO,CITRATO DE TAMOXIFENO 10 MG COM REV CT BL AL AL X 30,SANDOZ DO BRASIL INDUSTRIA FARMACEUTICA LTDA,Câncer de mama com receptores de estrogênio positivos,L2B1 - HORMÔNIOS ANTIESTROGÊNEOS CITOSTÁTICOS,Antineoplásico hormonal modulador seletivo do receptor de estrogênio (SERM),ORAL,COMPRIMIDO REVESTIDO,600.0,0.0,0.0,468.0,0.78,50,39,0,1.0,
TAMOXIFENO,CITRATO DE TAMOXIFENO,CITRATO DE TAMOXIFENO 10 MG COM REV CT BL AL PLAS BCO OPC X 30,SANDOZ DO BRASIL INDUSTRIA FARMACEUTICA LTDA,Câncer de mama com receptores de estrogênio positivos,L2B1 - HORMÔNIOS ANTIESTROGÊNEOS CITOSTÁTICOS,Antineoplásico hormonal modulador seletivo do receptor de estrogênio (SERM),ORAL,COMPRIMIDO REVESTIDO,2610.0,0.0,0.0,1824.0,0.6988505747126437,217.5,152,0,1.0,
TAMOXIFENO,CITRATO DE TAMOXIFENO,CITRATO DE TAMOXIFENO 20 MG COM REV CT BL AL PLAS BCO OPC X 30,SANDOZ DO BRASIL INDUSTRIA FARMACEUTICA LTDA,Câncer de mama com receptores de estrogênio positivos,L2B1 - HORMÔNIOS ANTIESTROGÊNEOS CITOSTÁTICOS,Antineoplásico hormonal modulador seletivo do receptor de estrogênio (SERM),ORAL,COMPRIMIDO REVESTIDO,239850.0,0.0,6.28,159523.2399999999,0.6650958515738999,19987.5,13293.603333333325,0,1.0,
ANASTROZOL,ARIMIDEX,ANASTROZOL 1 MG COM REV CT BL AL PLAS INC X 30,ASTRAZENECA DO BRASIL LTDA,Câncer de mama inicial e avançado em mulheres pós-menopausadas,L2B3 - CITOSTÁTICOS INIBIDORES DA AROMATASE,Inibidor da aromatase,ORAL,COMPRIMIDO REVESTIDO,164160.0,0.0,0.0,100646.7899999999,0.613101790935672,13680,8387.232499999993,0,1.0,
TAMOXIFENO,TACFEN,TACFEN 20 MG COM REV CT BL AL AL X 30,EMS S/A,Câncer de mama com receptores de estrogênio positivos,L2B1 - HORMÔNIOS ANTIESTROGÊNEOS CITOSTÁTICOS,Antineoplásico hormonal modulador seletivo do receptor de estrogênio (SERM),ORAL,COMPRIMIDO REVESTIDO,180.0,0.0,0.0,87.0,0.48333333333333334,15,7.25,0,1.0,
ANASTROZOL,ANYA,ANYA 1 MG COM REV CT BL AL PVC X 30,SUN FARMACEUTICA DO BRASIL LTDA,Câncer de mama inicial e avançado em mulheres pós-menopausadas,L2B3 - CITOSTÁTICOS INIBIDORES DA AROMATASE,Inibidor da aromatase,ORAL,COMPRIMIDO REVESTIDO,540.0,0.0,0.0,210.6,0.39,45,17.55,0,1.0,
CICLOFOSFAMIDA,GENUXAL,GENUXAL 1000 MG PO SOL INJ IV CX 10 FA VD INC X 75 ML (REST HOSP),BAXTER HOSPITALAR LTDA,"Linfomas, leucemias, câncer de mama, doenças autoimunes, tumores sólidos (retinoblastoma, neuroblastoma e adenocarcinoma do ovário)",L1A - AGENTES ANTINEOPLÁSICOS ALQUILANTES,Agente antineoplásico citotóxico alquilante,ORAL,COMPRIMIDO REVESTIDO DE LIBERACAO RETARDADA,1149341.0,144740.0,813.6100000000002,85896.2800000004,0.07473524393543814,95778.41666666667,7158.023333333367,0.11184771277841186,0.8881522872215881,
CICLOFOSFAMIDA,GENUXAL,GENUXAL 1000 MG PO SOL INJ IV CX 1 FA VD TRANS X 75 ML (REST HOSP),BAXTER HOSPITALAR LTDA,"Linfomas, leucemias, câncer de mama, doenças autoimunes, tumores sólidos (retinoblastoma, neuroblastoma e adenocarcinoma do ovário)",L1A - AGENTES ANTINEOPLÁSICOS ALQUILANTES,Agente antineoplásico citotóxico alquilante,ORAL,COMPRIMIDO REVESTIDO DE LIBERACAO RETARDADA,215629.0,37487.0,314.22,14797.55999999999,0.06862509217220314,17969.083333333332,1233.1299999999992,0.14810205597433587,0.8518979440256641,
CICLOFOSFAMIDA,GENUXAL,GENUXAL RESTRITO HOSP 1000 MG PO SOL INJ IV CX,BAXTER HOSPITALAR LTDA,"Linfomas, leucemias, câncer de mama, doenças autoimunes, tumores sólidos (retinoblastoma, neuroblastoma e adenocarcinoma do ovário)",L1A - AGENTES ANTINEOPLÁSICOS ALQUILANTES,Agente antineoplásico citotóxico alquilante,ORAL,COMPRIMIDO REVESTIDO DE LIBERACAO RETARDADA,137843.0,59421.0,257.5399999999999,9391.47,0.06813164252083892,11486.916666666666,782.6225,0.30122576851326144,0.6987742314867386,
CICLOFOSFAMIDA,GENUXAL,GENUXAL RESTRITO HOSP 1 G CX 10 FA,BAXTER HOSPITALAR LTDA,"Linfomas, leucemias, câncer de mama, doenças autoimunes, tumores sólidos (retinoblastoma, neuroblastoma e adenocarcinoma do ovário)",L1A - AGENTES ANTINEOPLÁSICOS ALQUILANTES,Agente antineoplásico citotóxico alquilante,ORAL,COMPRIMIDO REVESTIDO DE LIBERACAO RETARDADA,7660.0,3660.0,16.92,519.28,0.0677911227154047,638.3333333333334,43.27333333333333,0.32332155477031804,0.6766784452296819,
Total,223,,,,,,,,2858065.0,250783.0,256657.68000000002,153692747.1100001,53.77510557317629,238172.08333333334,12807728.92583334,0.08066750127378373,0.9193324987262163,
,223,,,,,,,,124263.69565217392,125391.5,1.45700011262816,15.720716387922707,0.9998734890644817,-124262.69565217392,15.720716387922705,0.0006675012737837327,,
,do total de medicamentos,,,,,,,,,,,,Maior,Menor,Menor,Menor,,
